id_commune,nom_commune,arrondissement,adm2_pcode,Dim1,Dim2,Dim3,Dim4,Dim5,Dim6,Dim7,Dim8,Dim9,Dim10,Dim11,Dim12,Dim13,Dim14,Dim15,Dim16,Dim17,Dim18,Dim19,Dim20,Dim21,Dim22,Dim23,Dim24
C-001,Port-au-Prince,Port-au-Prince,HT0111,10.041542268552238,-3.2586781994411553,-4.131774015433923,0.6023841744271413,0.2261816663855066,-1.3169378660626903,0.41896358558634167,0.19078174941709886,-0.15767104007151322,-0.19133104594646236,-1.3922762962968434,1.2172739107296464,0.1291522879305596,-0.6895233321523854,-0.9608429372435969,0.6942889310205579,-0.4475003404697165,0.004745627573772863,-0.4089625901485049,-1.0075730951182826,-0.2999441088935068,-0.3380320890201549,0.06558171280593422,-0.0006677993742053359
C-002,Delmas,Port-au-Prince,HT0112,9.727956236929236,-1.867859424927314,-4.137420371236566,0.7220363463839387,0.6880105113201244,-1.63221872251169,-0.38063091727674553,-0.7753457973004501,0.6944614170617331,0.13077063523221705,-0.45562632008695975,-0.7270984143040108,0.2004295891640922,-0.2984065095168862,-0.3464182390885252,1.1656435270046646,0.19462449100802648,-0.3042301237439412,0.21799334462951706,0.04311717225312861,-0.4600832108852044,0.06630091328664217,-0.06678737435313488,-0.004169093373654449
C-003,Cité Soleil,Port-au-Prince,HT0117,4.425250547767277,0.16999489244832344,-2.6793873326153865,2.4860330162723425,2.501843548111734,-1.6777777496269295,-1.4837616638042528,1.5177177330359397,0.6558771440507605,0.4630440696982231,-0.42811102450324234,0.9511813450582044,0.8189535288155848,-0.36813478514843817,-0.07778481948126703,-1.7536571659116285,-0.6877830290536188,-0.461988759516299,-0.5028763484478728,0.5899744720078209,0.5199560915340942,-0.006069655027908631,0.08032517350973806,-0.009610169998762854
C-004,Tabarre,Port-au-Prince,HT0118,6.085278579012329,-1.4413898706420079,-3.1985701117307372,1.6979630486197417,0.4373711952363669,-1.3983958923137045,-1.6704982540836941,-0.5333744925524879,1.6959900441575195,0.7824145403480509,-0.34992784997976417,-1.3139353358805663,0.08380672825138702,0.08081275223737436,0.6392907390075423,0.04480675168075875,-0.18774314454405142,0.17087012667695597,0.04478289353607062,0.6415167467428696,-0.06038336421236967,0.08279413813939458,-0.05655458004534592,-0.005198353892175437
C-005,Carrefour,Port-au-Prince,HT0113,8.13231300239148,-1.6707646367861895,-1.5229070582085649,0.7902990784074619,-0.3747349632474138,-1.560038180939659,1.4081014478690936,0.4574905247167324,-0.6405595389497797,-0.2453912117156017,0.7179148903100516,-0.8935060493179896,0.29475732176334324,-0.1647218823310603,-0.12608399069010057,0.17259483499124723,0.26484284294225036,0.5384438528617841,0.23193134312452632,0.02575796900264881,0.37964903070573486,-0.4069591452534082,-0.05868362939769565,0.00423640457954497
C-006,Pétion-Ville,Port-au-Prince,HT0114,9.027930545151065,-2.9463728858586826,-1.8548249258506122,-1.7988933600084014,1.0014388636747773,-0.08849444160870128,0.6316172809098587,-0.7606451739011102,0.5286066666194201,2.270710640300869,-0.7828429871877799,-0.28300858976900634,-1.390587669806509,0.09712061475653465,0.010157252246776502,0.9703341309360601,1.2635361415930524,-0.04612905789961187,0.07997097276685348,0.09184943116005628,-0.25762544882859284,0.040350547650640424,-0.09935613487233771,0.005684245414866794
C-007,Kenscoff,Port-au-Prince,HT0115,0.9020687144432329,2.699721159041664,0.9954106104623373,-0.6775000209550971,1.7055571416391697,0.4036078797787551,-0.18165381632202876,-0.46898091443215695,-1.07691078114929,-1.6227419240084817,-0.00048329719027904034,0.7268517237868131,0.10544900267535473,-0.07743667052912934,-0.3563223885323605,0.26634530695221165,-0.09602327638845878,0.334170525112198,-0.9853158344064354,-0.27364308281809246,0.23248221398309396,0.07070773491325691,-0.029080516293814425,0.00016533765642955998
C-008,Gressier,Port-au-Prince,HT0116,1.7676447533784008,1.0033261298137721,0.7628377441356846,-0.7655140413382688,-0.48837536445873914,0.3771654906535107,-2.570318222956065,-2.4146099231114,0.5089009214426695,0.17778309940004056,0.0642895668290332,-0.06267721550126101,1.359338686103319,-0.26942692552592573,0.41447356921924516,-0.2547205105935715,0.3496935832092684,1.4542913631350218,0.046767515741108316,-0.10834061991953983,0.032987579074924625,0.1407360959923434,-0.2802207938936704,0.001363773187199181
C-009,Léogâne,Léogâne,HT0121,6.188037350039545,-0.7635701534443071,1.7098195553993039,-0.857216489853379,1.2854018970333982,1.3663634269861606,-0.8574802855684494,0.027467248037800915,-0.13162553406861136,0.7071612655145438,0.20622815707489336,0.18337941473493147,-0.45093558156043756,0.4570510207640768,-0.06041900243796334,-0.21228494551070123,-0.5358696948896268,0.6550596221058298,0.17928070755484599,-0.3615382247580604,0.23457802018498283,-0.36584530690640477,0.09235328145249164,0.0011370909730623654
C-010,Petit-Goâve,Léogâne,HT0122,3.6812920557606685,-0.22317467545303238,1.326482504257752,0.9792339490189992,-0.6750023317779551,-1.7251880682684182,0.8756722701394895,0.37785043971783716,0.8965812429608383,0.16960915258093504,-0.34648138399124756,-1.8863390120337626,0.20747548228421636,0.3063921061643348,-0.1819504904187144,-0.7122920159226729,-0.24643604197488433,0.0630272102857857,-0.10554283503960386,0.0014587283868386699,0.3229959305410482,0.4204200642687606,0.04421807004044061,0.002836719264674631
C-011,Grand-Goâve,Léogâne,HT0123,1.412217206296546,1.668083458764205,1.3603553081033657,0.2613410554556255,1.0630257378254873,-1.2500012309242916,-0.3535872021798752,1.9137526642529388,0.8617652215794114,0.6021015311993004,-0.3833908453957828,0.7223356805073898,1.0998263898348144,0.6159358455248674,-1.6255908510884678,0.3684936542998005,0.47314058429593386,0.07294592218741261,-0.7110605943613326,0.6871736993019438,-0.14179407468587069,-0.23025471197765676,-0.016609061727181133,0.002500573939179463
C-012,Croix-des-Bouquets,Croix-des-Bouquets,HT0131,5.976642933348959,-1.9943077114723127,1.715793526513796,-0.09459478149609801,-0.7182256937680535,-0.1740077147356248,0.6670406061304006,-0.5292611244937501,0.848850853778211,-0.6895026175778016,0.16203364328178893,-0.5715236595686252,-0.5692305484488281,0.8551820381808468,-0.7579247245425843,-0.04361069494952673,0.38408924585534776,0.259067885108778,0.3604131160006392,-0.4045165689712115,-0.11098303432694213,0.1396413996833813,-0.010797301686914385,-0.0012872438862268731
C-013,Thomazeau,Croix-des-Bouquets,HT0132,-0.1671060626368124,2.576349140641739,1.4543754326810003,0.6487586410000417,-0.7378953377079606,-1.2459927591511377,1.0372699095851727,-1.0839795373832262,0.3560627294646487,0.6519983996718286,-0.6133754681608731,-0.5093244081665808,0.5815123039411253,0.04084822356073646,-0.47155719183278816,0.03160261491803894,0.2759183903977309,0.21033093522969537,0.1625014992266773,-0.1710355872619696,0.22842865066828383,-0.1068098653204677,-0.007978348530333256,-0.0010653129746163142
C-014,Ganthier,Croix-des-Bouquets,HT0133,1.1937440745685604,1.6417868327231278,1.3474163903651066,0.39296590820801053,-1.659879168455912,-0.06964867195866607,2.456901251636332,-0.8886537192006366,2.0123046931137267,-1.0129362572540113,-0.20760986135255197,-0.8661400727270953,-0.6054435822631993,-0.48807515551172337,0.49225270682963335,0.4111759760864161,-0.7550317985184624,0.31072670466336944,-0.7335358645050241,0.6261092726879747,-0.5786061587572414,0.23822996609532254,0.007530073221692023,-0.0020421436085329672
C-015,Cornillon,Croix-des-Bouquets,HT0134,-1.9159756297405477,-0.49652601485678377,0.5632837367469359,0.8846949759888955,-0.8492085477298159,0.38884653028425853,0.3959807122024785,0.5557904606903927,-0.5106153963457998,-0.4145873970543916,-1.4808454728261744,-0.8495901788460015,-0.1430466009151148,-1.2230487399187062,0.028960322038444165,-0.2998201242038547,-0.2585317307099013,-0.02562555406175503,-0.040078920435808026,0.007740821671616556,-0.05786790137555733,-0.05171434162173875,-0.04406383475558598,0.00031903682546602005
C-016,Fonds-Verrettes,Croix-des-Bouquets,HT0135,0.20756791144915912,2.278137059101774,0.9052103692950767,0.33132706433954623,-0.41261724832446345,-0.4231304685467042,1.6090836643026554,-1.8402514586236027,0.19753799690957766,0.05372132031159887,-0.10703230124554614,-0.42350978591228466,-0.3398453451719108,0.35765368409411463,-0.5712452688571563,-0.5852312297338784,-0.25458097953862047,-0.6023148273874311,-0.09568530305412257,-0.18022238844123123,-0.07751880670946551,-0.11015214835668447,0.04768690021323933,-0.0003876977005786492
C-017,Arcahaie,Arcahaie,HT0141,3.1903621889773066,1.5610189813404747,2.2392215851207697,0.03765954568305052,2.270191345250678,-0.8939992643153971,-0.5895854490580064,0.1416429156926046,-1.2211664661771098,0.605476493973963,0.40425121646040924,0.20208513476549164,0.32722141015152967,-0.022335902838975505,0.5818743629566249,0.6480963597308859,-0.005589291851496959,1.164350568418105,-0.6830027541994493,0.7571071463594815,-0.3967287912086241,-0.42575823908277116,0.049898465985452355,0.00019417057251706733
C-018,Cabaret,Arcahaie,HT0142,3.7315850799950283,0.9953922340356219,1.4760469199584294,0.4239309120978547,0.8888590700722184,0.6302325591651076,-1.4992915105086198,-1.1120648222136928,0.10641817057748582,-0.8355664838934972,1.0029687190358927,-1.1515010937869627,-0.6230254472367932,-0.1600657087704569,-0.7767072736427881,-0.6150692033745019,-0.5882282005514294,-0.2847405798398242,-0.39038790738057144,0.039597584512702594,-0.1655539336606416,-0.29132117181980766,0.14555831995858645,0.0039043742401193896
C-019,Anse-à-Galets,La Gonâve,HT0151,2.5676120165062533,1.7998301010280187,1.4777263517709243,-0.006692116416386694,-2.142564617500236,-0.7991017209764282,1.0268785153805589,0.8808703466950847,0.5273667084023765,-0.8665464404623429,1.2594320715657046,-1.661271908965297,0.6396457854063883,0.2720552946767733,0.16415752933913696,-0.5445763362275533,0.3838384819245314,0.6347510585727378,0.014814119285101063,-0.2388215333744473,0.278407414947207,0.13865423327235918,-0.12323759760036053,-0.003085815746423246
C-020,Pointe-à-Raquette,La Gonâve,HT0152,-0.6364848221680772,2.014758479858027,2.8991945680977182,-1.5987036385416786,0.39029179222161176,-1.2569520988000458,-1.1481623520336357,-0.6002067728066857,2.0263580898624585,0.8369871359088696,0.6082219545704864,-1.1702603719279199,0.5291909647339752,-0.17202452284210187,-0.6496304985877307,0.7255598649908436,-0.19030898782230676,0.30937243254790087,0.007411241154802136,-0.33387789706384147,0.04241402604181785,0.195671843126018,-0.04319123964871578,-0.004822155597954826
C-021,Jacmel,Jacmel,HT0211,3.706090729157258,-4.872537961897828,0.8562135277639842,-2.296894537638556,-1.9817497454222397,-0.08431698365492422,0.9757357346125849,-0.5577143041126637,0.9114667483560149,0.012521336650006017,0.17230591531729528,1.1005217072490057,-0.5665295524139947,-0.2980489105064657,-0.6354141590171488,-0.07274699386369815,-0.041122641946397344,0.11124740648900155,0.008836807661696016,-0.037658716903290826,0.12720839828567362,0.08007344141904875,0.12360894489581031,0.0004500096681890621
C-022,Marigot,Jacmel,HT0212,-0.08185196341878044,-2.3761315710977042,0.7528791873674078,0.17736362365581618,0.15304272189960702,-0.16625125340215635,-0.8384669131030772,0.5126653885796723,0.8126347918165365,-2.531350751521736,-1.122723831932098,0.5698852678314954,0.617171690262585,0.17033689984940056,0.9190553884310849,0.20944160645836987,-0.2821171926265323,0.23200670398354814,0.09994779091702184,0.07559963303075908,-0.03752007539118103,0.05718899998334461,-0.01860788914427682,0.002139305993799202
C-023,Cayes-Jacmel,Jacmel,HT0213,-1.3278516041881352,-1.175592629689896,-0.5925632276468831,0.10265663598700177,0.26530996936181217,0.5028071237811877,-0.9955885087140354,-0.7394668929306548,0.22952231222016167,-0.5427529088014605,0.08536899296871896,0.36563781542416235,0.7617670245050648,-0.36758053696993126,-0.12045556697222581,0.5892448716162966,-1.0621313440126803,0.17879056772083912,0.18679969651875797,0.09704813721576266,0.25340750208682894,0.032543917076832705,0.0856995070193823,0.0025224791022173095
C-024,La Vallée de Jacmel,Jacmel,HT0214,-0.6250761877272082,-1.5495324235675851,-0.7028057788249207,-2.1448381465712085,-0.7988805489568609,0.7010281974519429,-0.7713113911959323,0.8147243520961719,-0.21015433501815903,-0.6539203265534569,0.19032770905812724,1.3798306383663046,0.3914577987518644,0.2646460033675906,-0.4592991325488545,0.13820057392090096,-0.3371201130685352,-0.38183187005186175,0.44629607175639135,0.2605185726132406,-0.19946545868059073,0.14543732239588938,-0.018397480904803167,-7.316573438304485e-05
C-025,Bainet,Bainet,HT0221,-2.0224687022603383,-1.7927030600188263,0.665095224052883,0.21021141376545616,-0.6821166283548017,-0.15247054788854525,0.9113336738515937,-1.087139478531908,-0.7529549209784235,-0.4771006129666602,-1.4379424114216035,-0.8182400342914646,1.4858953237648787,-0.23315518653679154,-0.08832562236371097,0.5671896017283786,-0.22888262344684407,-0.20332240231473872,0.005208215031255224,0.08422840753340387,0.1326912699385169,0.21289733522038345,-0.0010589452459570776,-0.0008510911137024068
C-026,Côtes-de-Fer,Bainet,HT0222,-2.7762485965988057,-1.708302586084224,-0.33496628230097086,-0.40232470124357805,-0.17779337989154734,-0.08054552167719202,0.5717704929388903,-0.8948741122318193,-0.7794449182655788,0.17856480350368575,-0.8482641956659654,-0.400880373119041,0.6705841687085418,-0.08173291960403131,-0.4866368082260402,0.12758940170871158,0.10792894004578835,0.02503286370560651,0.48432862373378677,0.3234603986857787,0.070708692980729,0.1810710473102329,-0.025118012000382425,0.0005412823193567468
C-027,Belle-Anse,Belle-Anse,HT0231,-1.8546976016276249,-1.9658807286192976,1.6686250924361257,1.3803580756010005,-0.09025068071729718,0.5485652322228652,-0.5254663133419362,0.47051338919997304,0.6439193012841972,-0.4208965995974651,-0.4642238373582854,-0.3934770167837476,0.8816665691763343,-0.20900721545654002,0.39307847256045036,0.6014105475138536,0.8104195208735703,-0.31279772582331133,-0.45037939990207626,0.04894789965067853,0.09370219201315581,-0.07528313379113398,-0.03326078190425297,-0.0022140819259515348
C-028,Grand-Gosier,Belle-Anse,HT0232,-3.767593273740136,0.2432784782005914,-0.5267715169713049,0.39075427235229504,1.3141114875338578,-1.2615558734158936,-0.6051173937099673,0.33072375001208465,-1.0935842448903328,-0.15654709566855995,-0.03578885743151292,-0.21887852389715318,-0.8767033907710367,-0.3242297547351049,-0.4771466945427745,0.15642296896613767,0.1960890215919238,0.5884602972578745,0.4778915300778343,-0.5541588561182046,-0.05619940429290205,-0.045299721499960276,-0.0007214215235876527,0.0004628886639984081
C-029,Thiotte,Belle-Anse,HT0233,-0.3840083757831097,-0.9174614311007001,0.364674372775755,-0.3220396589037825,-1.324191293201185,0.024862545157072244,-1.3009237058993837,1.6699202695558253,-0.480587031883995,0.44987710993294117,-0.13660897828727478,-0.34931030774376953,0.19100672639120184,0.532344458583508,0.24641295913009179,-0.6348291604636257,-0.45902906817184574,0.034176069366596534,-0.13417619001259654,-0.26110784956710725,-0.41221192102597976,-0.12726921920735518,-0.044754229427828716,0.0013319732296308312
C-030,Anse-à-Pitre,Belle-Anse,HT0234,-0.31786685041618695,2.330302360128935,0.89388418781581,0.3584167476402809,-0.5157178007216776,-2.218242631090255,0.39767810045839447,0.41729851303028664,-1.0869594367773334,0.47798194088559987,-0.2725376883304195,-0.2067764598102414,-0.5900628882358562,0.5116706435187344,0.0626462770560612,-0.6491124167321007,0.13612364428072488,-0.5836616073847519,0.08742866550201574,-0.00738290389688866,-0.5593205937639593,0.5175404693787056,-0.03249140107231776,0.00020072844457410323
C-031,Cap-Haïtien,Cap-Haïtien,HT0311,7.943704665929451,-0.8042530297009692,-3.2508073177068098,0.26957250718413905,-0.042360846804333156,0.13520993687257657,0.5689928482975863,0.4270011663314604,-1.492636337815606,0.5124667247967397,0.49397805598856515,-0.7726243736165671,0.4369774499479539,-0.0012021471022223547,0.5287970944684882,-0.41918748810600764,-0.332476713977629,0.378422365484211,-0.03448944374423323,0.09191097234545802,0.2954681234348074,0.11687143948524363,0.0053371938528152035,0.0013891183471491605
C-032,Quartier-Morin,Cap-Haïtien,HT0312,-2.460355528475427,-1.343751000102519,-1.029666824029345,-1.0265552832502067,0.062418384631692685,-1.681231267587211,-0.3464724863201305,-0.6542361623430943,1.9451606946513371,0.08463949763687793,1.8630340126205664,0.15712890458564496,0.5346012506365737,-0.8684671335995218,-0.273170974936748,0.16993787242028968,-0.43368100168788754,-0.3171191285875574,-0.42490049967421667,-0.2923877391052657,0.16222072702142096,-0.16725428170795126,-0.022695764652585045,0.001986385911821135
C-033,Limonade,Cap-Haïtien,HT0313,1.2594623394664641,2.837765255824661,0.16834495789734163,0.42681435846039834,0.6757293595273767,1.0742636185760444,-0.3596259660611865,0.20759385868859181,-1.4845351310441717,0.7877602629978722,0.8926642534258521,1.3302184013523315,0.5234918252769798,0.33674741543631537,-0.4175102341134168,0.1303637174829883,0.16198662908824862,0.30043889951249353,0.11986939100660496,-0.06256188414812516,-0.061144375939170895,0.1539663252263306,-0.06951268466163543,-0.00029108040044815194
C-034,Acul-du-Nord,Acul-du-Nord,HT0321,-0.5908137985562341,1.733639912315326,-0.20910038190157532,1.749917930320037,-0.4323203316454019,-0.4448625376773295,1.3592750985032638,-0.8955698470874904,0.03957024355853209,1.3996385878456181,-1.0956617394570245,-0.4200984427168536,0.19025555171630412,0.10009301326506595,0.9015001259872342,0.44894245506336933,0.6011176320629859,-1.220482927882688,-0.2624226593517,0.10679076717988469,-0.5648525182556825,-0.3053097790307326,-0.16256524572153647,0.001005660141301006
C-035,Plaine-du-Nord,Acul-du-Nord,HT0322,0.7919826088266013,1.6987093618532154,-0.3435047065474751,0.09923356919840062,1.3107698022428091,1.016737294922745,-0.33050108875001366,-2.6755485658512765,-0.7477694187056885,0.7249726284516272,0.6774179192268509,0.6112176601416944,0.2599832958830311,0.5260535075907923,0.8848272008853424,-0.04754013052172193,-0.4779458012854141,-0.895321476516874,-0.3230489375459581,-0.007735957941018159,-0.10124186165260675,0.21504367846499117,0.009940668080327224,0.0018140572318879153
C-036,Milot,Acul-du-Nord,HT0323,1.6840381052235995,2.2170212435229413,-1.0641626817040177,-0.14899833055218017,-0.20585068591111128,0.3412107055210156,-0.3363356862813896,-0.23340757683838137,-1.478671534968304,-1.9969565127742084,0.31252485717993017,0.4544799529840082,-0.5735754252952858,0.45289552644432934,-0.3135682009608138,0.1137768685909356,-0.33629539496997873,-0.3501136717324539,-0.016898211122047695,0.798858394843745,-0.6345490638027992,-0.1772505324699886,-0.06697733079107779,0.0004777311111029379
C-037,Grande-Rivière-du-Nord,Grande-Rivière-du-Nord,HT0331,-0.28570985135577426,2.5936090435588515,0.015366274156262533,-0.3171195807498791,1.1975933916999053,-0.18019679728980934,0.42158046001911736,-1.8495175161327557,-0.7467555728161822,-1.1284877793149513,-0.9640639641811353,0.0011326814864511777,0.2968264056564182,-0.7099799680837671,-0.44616008522820844,-0.11301192603821056,0.34043307720365323,-0.1414528868642159,0.05841186115460541,-0.06433738127824015,0.16510127042333964,0.025895203125243675,0.005399518087623282,0.0014402910804177781
C-038,Bahon,Grande-Rivière-du-Nord,HT0332,-2.925684819086017,-0.11925573242195302,-1.3508439125361078,-0.8914858368856252,-0.7171935639401982,0.3509107208179563,0.23663928436058865,0.3696176968742676,-0.32827214244462233,0.12577450035174859,-0.3766704448052449,-0.23773945141654165,0.12669995151668464,-0.3092200489158383,-0.38445223809649826,0.07147554075853436,-0.02385875612354461,0.11836185508934707,-0.21926606021422929,-0.029900998502481572,0.03306427649464432,0.06757161835326639,0.10737327870588544,0.0008829013619910176
C-039,Saint-Raphaël,Saint-Raphaël,HT0341,1.0192869949764756,0.6466244252254879,0.05198379745749334,-4.221116148470937,0.34623787633800607,0.9574816053983545,1.2043336113883996,0.6603206290781642,1.1548670844228004,-0.17863681516033963,-0.6435668191000659,-0.1327305331544349,0.7827775869299676,0.7344416821136364,-0.3023558227894115,-0.6841128224603512,-0.91786580720461,-0.5776043857260255,0.1242274062791304,-0.43013816732235305,-0.16712548880017106,-0.4976104758706322,-0.129879933666473,-0.00018350130444546719
C-040,Dondon,Saint-Raphaël,HT0342,-1.4260703142415003,2.1277385709290004,0.00432293047311139,1.7634616771212952,-0.1995774013603943,-0.4746671818072411,0.16890507171096542,-0.04677925875124436,0.19925094447347455,1.063590877565222,0.25348463357977224,-0.5498825151529508,0.2930677377817181,-0.32708817996209033,-0.609165213787635,-0.065859990698834,0.11643759398104972,0.050723753920706854,0.16853921850302028,-0.0711863131720113,-0.1845665452396191,0.3111841450511112,0.07277668819960267,0.002528002588572728
C-041,Ranquitte,Saint-Raphaël,HT0343,-3.532280596726256,-0.15022292867642173,-1.4103390128069162,0.6391683708353714,1.240581557733021,0.3043090138830393,0.3256447033609892,1.0233103284644405,0.9312688483535998,-0.2419268880262609,0.9546656765816889,-0.47135695158457436,0.07097395468920951,0.38203737531945725,-0.4623813042640655,0.23940914500791197,0.18841825264726209,0.10453899966008877,-0.47895329621443705,-0.6911750697749143,-0.2751064796910245,0.07763361823743113,-0.0049115771546531925,0.0013881142615673153
C-042,Pignon,Saint-Raphaël,HT0344,1.027949579983723,1.6716691833884008,0.29743773408666163,-1.3933229359908967,0.26730755855585414,0.3800307175211347,-0.0007100802909038481,0.17411105424418286,0.3762762750861058,-0.47964946284006243,0.3827767559054287,-0.9206548176965841,1.0298436685567491,0.5096539447711991,-0.6301236177648488,-0.6342553437415251,-0.1209766082922873,-0.424292645085106,0.4956367240759579,-0.3532591683298574,-0.3400441900686776,-0.40859138233209946,-0.027752424881494164,0.0005044615624899937
C-043,La Victoire,Saint-Raphaël,HT0345,-0.3071646097989434,3.627961090928204,-2.1070716002337133,-1.0631578983645096,-1.696099896810414,1.0266181453117111,-0.42022888974009326,-0.08923551423615174,-0.16336414598502838,-0.3166112966481603,-0.2189774129308181,1.1213205000812394,-0.6581780328218139,-0.7285140695769146,0.1571922952792799,-0.1778003591396046,0.07141591034198516,0.39606162664624756,-0.26697995307725053,-0.0194960299657292,0.10382359768109795,0.002690951388871524,0.006315833434577968,-0.007187450271451387
C-044,Borgne,Borgne,HT0351,-3.373333222014583,-0.7085122659207539,-0.8342836095104267,1.1832277128107882,0.13663038632055766,0.46900141870500656,2.0238430175092077,0.16650794903923075,-0.09451503294899043,1.400255530824308,0.008937705036872908,-0.090341017071676,0.0042138259774495085,0.1522555825807087,-0.35371799109930935,-0.0689802324266738,0.035636985729488764,0.008489876342756946,-0.6040930007407705,-0.5365833403820325,-0.04080150434105658,-0.008647965617762609,-0.26805428976552564,-0.00033261048461487866
C-045,Port-Margot,Borgne,HT0352,0.8430564025571491,0.5082394001137397,-0.3848827038670459,0.23978455848685018,-0.9472142251652002,0.07118096911440125,0.40768839376329313,-0.8390722388587702,-0.3468872783779012,-1.1673587268610002,0.6176783116478831,0.3805561393204188,0.19849714492312448,0.4510545559974343,0.20569457930004223,-0.6237312315714282,-0.0747562663473131,-0.15223037354257535,-0.49120230722382824,0.0062029790980819965,-0.19612293914193493,0.0019437008824109338,0.024198598280031552,0.001959405916872677
C-046,Limbé,Limbé,HT0361,2.1686895959473813,0.7810176900482909,-0.8893379117299771,0.49999958851200893,1.9199305511098066,0.9176342509504712,0.7220054039291753,-0.9628416116597269,0.5217530612537116,-1.2570453737444742,0.5760959770859145,-0.9542667528764056,-0.07119956458977143,-0.1602611542951189,0.07226430556080067,-1.363367451009518,0.7407278470057004,-0.2500034201359974,0.2576651242925869,0.15385917395052315,0.3807641264550211,0.7711916458487655,-0.061146067901962246,0.0028023524023102985
C-047,Bas-Limbé,Limbé,HT0362,-1.253790983712406,2.5324775776655746,-1.7102320118449013,0.6866723574915223,0.9800383092051942,0.08435079829087734,0.22119211747170842,-1.3108645937393761,0.09178632968329797,-1.1355833585470856,0.35446194604627296,-0.41149827791206917,0.08365921799295212,0.8727360535471274,-0.6777309248217059,-0.2186579398525306,0.3628930963289816,-0.14457639963063715,0.3020630269959646,0.011321623040776031,-0.2725621127818416,0.2908550502333831,0.05297482973399624,-0.0004381155432890251
C-048,Plaisance,Plaisance,HT0371,0.7302648074950117,2.3116349185084184,-0.44122726456447525,1.4232232745790474,-0.6043089498117629,-0.7286822725940442,1.2080342363626777,1.3344032503099765,0.9189678189115338,-0.6430258792795536,1.4767072718220853,1.4305749235193486,1.040574570280745,-0.06652326806050973,-0.2879418070782148,0.45903066084622135,0.26970331485831733,-0.3102123547795233,0.24766676046887057,0.005073116213422443,0.25665950253781555,-0.3572952873131121,0.02873336312030766,0.0014381854892396443
C-049,Pilate,Plaisance,HT0372,-0.6890830027539272,-0.9221586683804648,-0.31718542544184747,0.4539766726840144,-0.7205020467857265,1.0822521656615045,-0.29057367605109535,0.3412156285367015,-0.45494022168981957,0.4519692893446588,0.733080721213935,0.4217859611851336,-0.06466074671393408,-0.8992162702423961,-0.49775858399599815,-0.5913967593736528,-0.2610134685401788,0.3388454819631835,0.2394294793343263,0.36653153898703006,-0.1316655620262274,0.024125830156789336,1.3143403853339697e-05,0.0015813316329716142
C-050,Fort-Liberté,Fort-Liberté,HT0411,2.8019436627606202,2.3626721733938614,1.229658831608359,-0.050686399156626906,-1.8780561361993824,0.32459101866078316,-0.48279299701771866,0.9172475832723134,-0.12200117621267027,0.459293793826897,-0.28981465497893794,-0.7228988634669741,-0.8837463453938575,0.6604239110590616,0.10761466422358526,0.2050873490099057,-0.5111253642192198,0.37787044459228714,-0.34562705028491847,0.6575100045928487,0.5808813168360751,-0.573879479653301,0.006994863083732619,0.0004352567345312893
C-051,Ferrier,Fort-Liberté,HT0412,-0.5871121600367035,3.2079476801301596,0.16909878013850893,0.775597112569913,-1.2544825430516684,-0.40022682921470004,-1.6516375083970989,-0.5699369628911256,0.36454025125207523,0.33502313916845705,-1.5852973394115912,0.07483953665175011,-0.3922395319204013,-0.10320847444615847,-0.08257108009588571,-0.19479143217366135,0.39512934852505815,0.1311409726700324,-0.1363019625536183,-0.22145942026288282,0.18555953619461102,-0.17319648362941628,0.03324551774137673,0.0015102563201275867
C-052,Perches,Fort-Liberté,HT0413,0.07345861820787357,3.425251982519284,-1.4313999557103063,0.36534320078219995,-2.4459471602096143,-0.46032435361654234,-0.659668397746699,0.03754720330704382,0.6936363404435358,-0.6381637664210754,0.31005212525099424,0.44085093641168843,-0.044097026740372525,0.23884800272101453,0.6358535201459041,0.052840609937513466,0.26726786331458713,0.3416922961689081,-0.07347047588568005,-0.03771349002218978,-0.22990103924530406,0.3397614592740004,-0.08752664990571964,-0.003608679245773715
C-053,Ouanaminthe,Ouanaminthe,HT0421,3.346316518715791,1.4501491304253895,-0.16059651950764667,1.3101570197044208,-0.08460974134600971,0.36621648932160467,0.6406492600346149,1.042448930098434,-1.5888548815277102,0.1637384071622881,0.46916825162719367,-1.6540942021800298,-0.48627273148785166,-0.5222846103070232,-0.4617801274920472,-0.5665716758505698,-0.05086901598694924,-0.27897267915756846,-0.37373904723761636,-0.22116632042590115,0.744308257049186,-0.06785458517723095,-0.04362838557283352,0.0020824509593616127
C-054,Capotille,Ouanaminthe,HT0422,-3.477910373961113,-0.1061401525114655,-1.7649795540283357,-0.10331640553300915,0.7878989989530338,0.7087694640914084,0.2634843450810141,0.8259364822468372,-0.3659833673569785,-1.184446948106768,0.571303971133958,-0.3256845775227065,-0.3542881805391891,0.4211702738448007,-0.44613231169788387,0.32054567116374705,0.2616740091890774,0.03980893458683463,0.33052129096038674,0.07673044683152212,-0.09109313208172036,-0.018280054324903927,0.1386350898199006,-0.000344931124723735
C-055,Mont-Organisé,Ouanaminthe,HT0423,-1.9877964886603907,-0.5596911575416762,-1.0524093110609092,-0.9705277176037681,-0.15702822135996167,-0.30277722957023695,0.5355930176720725,-1.0346867395060624,-0.8046621473732269,-1.2330786442593977,1.279509485931176,-0.25998763574266215,-1.1070127582532285,-0.19720482484159968,-0.34893734599904475,-0.6255026362337637,-0.19581728520867803,0.27428283756391025,0.14762699506049137,0.028258471634599342,-0.15667844685616267,-0.13530884869450327,-0.05141053676597283,0.00030315116958359395
C-056,Trou-du-Nord,Trou-du-Nord,HT0431,2.266099630731968,3.087876173766964,0.17201281468777127,-0.1291326585091113,0.41886863921022965,0.6549262242551638,0.12356155277480084,0.461996157427296,-1.1234720906285387,-1.6502953012263928,0.9870339088355067,-0.8762870046652846,0.7899833139666329,-0.8491645127424945,0.538732759137525,-0.61760567718787,-0.26012614633793907,0.24528824361556528,0.14648746207960608,-0.46533421496412325,-0.534056416650146,-0.090352174985963,-0.05184356535826996,0.00014992650612211775
C-057,Sainte-Suzanne,Trou-du-Nord,HT0432,-3.219491072809078,0.021112727957639528,-0.8339630737229761,-0.49826893664363114,-0.6893306457081819,-1.3343184910530173,1.5493071202313748,0.884586810165723,-0.31507174630967166,-0.22214671276874118,-0.12123799028481733,0.38190520334588846,-0.45064122017891367,0.7953264510305944,-0.6488335747158512,0.6987196436283266,-0.9603435465933882,0.05113519444832457,0.3632985426990605,0.05708589198288868,0.13313683141920565,0.2280549001990519,0.0004026395085156155,0.0009757029062072326
C-058,Terrier-Rouge,Trou-du-Nord,HT0433,0.43580249245280783,2.910462109606217,0.6818173852585413,-1.165766924327598,0.6597389591569213,0.24381637733157702,-0.06810260470285749,0.2733373655582667,0.8157564367423081,-0.020954038783165742,-1.0052529132979278,0.6858603838811232,-0.25724760513184486,0.9826928198742599,0.23350709755275176,-0.07975669681745723,0.36287931574780047,0.4303504224050631,-0.42636300397711546,0.12559638735081488,0.03894334368415994,0.3246877544840227,-0.07854091778314602,0.000616281369723542
C-059,Caracol,Trou-du-Nord,HT0434,0.11918912074790809,2.4592827891513296,-0.42030699944876926,-2.5729207634592006,-1.6874436891853222,-0.7066445917576875,-1.0817508541129652,-1.92085128128455,-0.21023985345443194,0.960027188033852,0.6877092460631683,-1.1799350141975784,-1.3014209960424836,0.1763252744746217,-0.8628390242042906,1.2312145254709506,-0.38832694500224496,-0.5619497942201581,-0.2676617727959922,0.5454807829337457,0.23642415888397814,-0.42299332672772855,-0.16684219968611944,-0.0014879834129054791
C-060,Vallières,Vallières,HT0441,-3.253305213557368,-0.02196066799844634,-0.6358770951479348,-0.05460527760046091,0.36637198496600715,0.15595767220455403,1.256686268835815,1.006021380073368,0.4576517261064887,-0.7995325461942762,0.6758422420032573,-0.10559758073223231,-0.9791806839308017,0.03060293541069901,0.08981545980848354,0.18276596151281663,0.5845951480335052,0.5210951686894397,-0.06407665556502846,0.06759309363979284,0.017852130182783487,-0.01523167400181541,0.05833871085754161,-0.0004835926158030594
C-061,Carice,Vallières,HT0442,-1.352750944755307,2.15467187516111,-0.5245542038655937,1.0439125933407258,-0.15408452139633877,-0.03369177396707279,-1.2263962352069295,-0.7731232981307673,2.3303233144726985,-0.7008677148638252,-0.2423291326205484,0.40023449295881347,-0.7127963573497791,-0.23510119115046985,-0.181686824836472,0.20234354204992058,0.29007381152051487,0.006451907636809732,0.7256495482419508,0.11657140612062727,0.1664516896394012,-0.15853225499876156,-0.04306809814956645,0.0007149615461133762
C-062,Mombin-Crochu,Vallières,HT0443,-2.7211589399929057,-1.046868626387744,0.6907057997416808,1.9806195091158874,0.6530307643978297,0.35801299002212666,-0.7955421351933498,0.35360989929312037,1.0396499524177358,-0.056819648948428746,-0.22986731585688647,-0.2081382078395462,-0.7264186996452231,0.31054895453454184,0.35906638773759386,0.20982981751105206,0.29570787200029786,0.32402952630827137,-0.18776215573672744,0.0340806868516673,0.12988046478721255,-0.11574317656449103,0.01349407314197628,0.001502033610385087
C-063,Gonaïves,Gonaïves,HT0511,7.440712638176983,-0.9623852986909337,0.30836453885458703,-1.207454925593866,-0.12596479917914727,1.30516784669974,2.0917660561979257,-0.2091191091156801,-1.6114696063971015,0.48017253538945515,0.06287242189605075,0.31116273991951904,-0.5755300660650543,0.8572452962002043,0.10395147649239432,0.33987768760149767,-0.013207585761504402,0.569330717780725,0.020431952364100187,0.1530456418730532,-0.016136859322073673,0.2121756683590326,0.008972073362844543,-0.0021462388514475114
C-064,Ennery,Gonaïves,HT0512,-2.455497462786787,-0.7347100173645266,0.6687060995063626,-1.3730346039681194,1.0467064613062707,0.38823090342998406,0.23125801498402407,-0.6325714532591724,0.2450366426199705,-0.7297462978405121,-1.6085962767799438,-0.1816953779088887,0.24636720477403176,-1.2462829333942755,-0.1966912457128146,0.5244441406497193,-0.3868460815631387,-0.2032803886031748,-0.43514503309603764,-0.03427582209954028,0.28899257809993506,0.15717041764350895,-0.00800892390250917,0.0007940902356219952
C-065,Estère,Gonaïves,HT0513,0.9173487089817073,2.4693789156192456,1.236814253697145,-1.7080380786148555,-0.8259775783619706,-1.3682745546895718,-0.31706200262475054,0.3973155305770484,-0.8653060497467476,-0.09739733357074162,-1.545080839947235,-0.314521429222244,0.8055099383265231,-0.6818079278641814,-0.6291306620263011,-0.7336899599932628,0.4532350218789853,-0.06021067883886086,0.08660704347473563,-0.12532084306954952,0.056419374571259284,-0.28314661541647157,-0.05186890424343309,0.00026365944369607155
C-066,Gros-Morne,Gros-Morne,HT0521,-0.08037167026419449,-2.5080925740781606,1.5598851263963607,2.0316370458288513,0.6939078461685158,0.5774469973234985,0.059058908509490686,-0.5929644135573724,0.14646110873033566,-0.14295714025420003,-0.06553976200720493,0.8721447042758771,-0.258388515269377,0.4563623697980029,-0.6398113407935244,-0.4612893428609413,-0.806896420453236,0.4411533430730866,0.07103646757654694,-0.35996792820731716,-0.187987980038851,0.0023951621804426263,-0.04174441785922522,-0.0001862986877791701
C-067,Terre-Neuve,Gros-Morne,HT0522,-3.0603443342431462,0.005381348559481235,-0.012445886706417811,-0.754805185495243,-0.8991402537982572,0.5519862026173314,0.6002506645890036,0.13180933951608673,-1.8410682902380573,0.6812862693240247,-1.003015703157276,-0.23111392485016463,-0.16779548379570539,-0.8133056442307481,-0.5215610742180181,0.38784658852025133,-0.08748896872496482,-0.07901548939460945,0.04693754905735013,0.04841547058936215,0.10889725535915198,0.11592989832502319,0.08967808476522975,-0.001260091566806405
C-068,Anse-Rouge,Gros-Morne,HT0523,-0.6895110436988673,0.9548174971666811,2.082692017581373,-0.6218372237800541,1.899317531447163,0.07270775170576596,0.37744106335820676,-1.6046106516355225,-0.24258185871729973,0.5153504805238729,1.3099217047295344,0.9403659835261727,-1.0190915425790905,0.09935099499400551,-0.6439237095605431,0.2794200579983906,0.3877494877174403,-0.21196887806853418,-0.07618548076650616,0.12167674242131496,0.1737431345194301,0.05801736565028953,0.10591484941143206,-0.00523635213983013
C-069,Saint-Marc,Saint-Marc,HT0531,6.727621854220758,-0.6968245139992993,1.9506875196434499,-0.3181306357622957,1.1409771484929818,1.9675856425947709,-0.33229383285740854,1.3713463858651138,0.5226441082599755,0.4352251789382705,-0.13225533120920568,-0.06832130543634674,-0.3149443015334461,-0.035912999572623,0.11163470944849545,0.3114681243926638,-0.24572607194523197,0.485343495946429,0.36881946658034076,-0.2988969103324578,-0.14974112192714298,0.02982012550398419,0.08956736168436032,-0.0007038917844337909
C-070,Verrettes,Saint-Marc,HT0532,1.6819376236114063,1.0978440903145112,2.116753136476349,1.3340610798124588,1.0171184261346593,-0.5941069090505949,-0.35686652100589805,-1.1323405378990818,-2.133134333635429,1.174819161438979,-0.20461340133995923,1.6767535078619358,0.8846382388898532,0.43209408404692734,-0.06446359039275602,0.343983708526194,-0.23456007100782128,0.06224065526735862,0.12285781688872251,-0.2624055618069879,0.15584500330326773,0.14875765349651895,0.025627190195290812,-0.0014325664946201586
C-071,La Chapelle,Saint-Marc,HT0533,-2.605191585858835,-0.5013386959488035,0.25088978519054883,-0.4394890882510625,0.8659151076221052,-1.2595653179360793,-0.34340827272940105,-0.06856996124817015,-0.962499537399514,0.49498324617907574,-0.5835489190315976,-0.25396797171395963,-0.4344666941279688,-0.19706838705844762,0.11775905116231702,-0.1514091513152685,-0.07018389347747049,0.5636004342036863,-0.02543055456765283,-0.002056945065861928,0.10716487958199594,0.115293841265528,0.004795758767077385,0.0016642113185707018
C-072,Dessalines,Dessalines,HT0541,-0.7888237652253125,-3.7867780300893044,1.302136427018904,-0.7873651681290903,-0.36202881196907977,-2.014048382005377,1.584296075743201,-0.05103763891269822,1.0342823393260205,-0.24809384665541495,0.22878870179171293,2.047336850628139,0.1978028676712375,0.8195424009960568,-1.2131929801332488,-0.4083312466231895,0.17474673418722078,-0.06747940123638987,-0.20108346993440138,0.34653347139286406,0.07431804998503311,0.22976885131814084,0.006321807929419548,-0.0010151390012185678
C-073,Petite-Rivière-de-l'Artibonite,Dessalines,HT0542,1.5334472069274088,-0.007014270910130383,2.5277044379849802,0.5487345872079397,0.7538132011774595,-0.42150962760355287,0.39057422007137066,0.19874064006826186,0.5279601565050489,0.2773438902192531,-1.47820511867205,1.2291591507661452,0.11646160603607392,0.18131720642872334,-0.6230982216563159,-0.5639238608477724,-0.4946723941132778,-0.6698244114220689,0.7030730565549365,-0.3573353500490819,-0.09526646477608897,-0.32451227623285,-0.05969539483642053,-0.002058154352122141
C-074,Grande-Saline,Dessalines,HT0543,-3.4312709224880473,-0.2568015049025193,-1.5274386795332697,0.3130271369440922,-0.5622844254831421,-1.1521945832450402,-0.5301137505270579,-0.14855758831460916,-0.7170913681850681,-0.6313151948746955,-1.8637740646470387,-0.3745950995733166,-0.10104880140424728,-0.09728185929764259,-0.8020979364115846,-0.3487971206801466,-0.03252656097463889,0.40364104223670993,-0.24754655307422785,-0.1421520810434181,0.173547387865897,0.0030037855057418773,0.03645967835486443,0.0005752358404682409
C-075,Desdunes,Dessalines,HT0544,1.0828140964930066,2.013635017535063,0.47373448737782836,-1.4414013169245914,0.8685527865639205,-1.8618907724757496,-0.9877440800708492,-0.7631234819173397,-0.5936418481319609,1.7671657933553353,0.5999220848315071,1.2914769705460332,0.134500214489755,0.4360431279432464,-0.1427298794239219,-0.6908682355966775,0.06310082976083767,0.5733556056578447,-0.14400437244862635,0.18027343294095255,-0.02376360894939532,0.4412948308833816,-0.030792671709679274,0.002719461592878733
C-076,Saint-Michel-de-l'Attalaye,Marmelade,HT0551,-0.09770374053199908,-2.8711300442478787,1.6205179212347067,-0.5089458068184698,-0.24280107589116695,-0.11886549891281108,1.9481657379244677,-1.1080619019942517,0.6959106693114517,1.034026375916591,-0.8101833995279583,1.030034574295886,-0.671208123141971,-0.423024461157647,0.6709837931453982,-0.8963077135533688,-0.9005707970182608,0.02962265691684908,-0.22150391747685774,0.2128258196700038,0.02572358895624853,0.08853280551974858,0.06616848024758801,-0.0016458976959139318
C-077,Marmelade,Marmelade,HT0552,-1.7822513761059966,-0.44253557883834227,-0.6734731407508674,1.809658546796302,-0.4214686099881493,0.7082210906663551,-0.09456708267417889,0.04870526408751313,-0.6797010378182582,0.2620668359476269,0.43097991984382933,0.43519192163617443,-1.3867048235896615,-0.31134438972014,-0.43690802705749476,-0.8557932197449509,-0.2503027208072667,0.0969414341840445,-0.1706288765693255,0.1306448247880956,-0.0910599931825912,-0.15983528909691982,-0.15848694453675574,0.0016351803746045698
C-078,Hinche,Hinche,HT0611,4.696995304977741,0.2197000594161113,2.3130426064209217,0.5354229495631996,-0.08908866508227509,1.44586269205883,-0.2444670547814638,0.6676406223721901,0.30050988380835963,-0.9396130440986323,-0.5710925748427681,-0.2862944510078645,-1.0631944765201837,-0.5182564252830449,0.12743224605625939,1.109965464645436,-0.26413693245775666,-0.8573761606279651,0.12898778704469524,-0.3178931880001077,0.2164806591411668,0.21870300282149696,0.03791416358111899,-0.0025687065483456333
C-079,Maïssade,Hinche,HT0612,-1.022302111557964,-1.4043411556403251,1.3070828640542786,1.4220388412775344,-0.013853907196937592,-0.9962312682614871,0.1401197663800009,0.7896955841041737,1.1515759316328302,0.0028489928512928455,0.37000583753686367,0.4678048986377437,-0.8867947735623228,-0.1476421496570415,1.0043691585130217,-0.29884031273671746,-0.3219091881674917,-0.22814973486421095,-0.4417829354486393,0.029156158364693385,-0.05703901812642752,-0.06453738685619075,-0.013672785929287296,0.001242094127654184
C-080,Thomonde,Hinche,HT0613,-0.8927820419107344,-2.2513300511841035,1.485081396090216,1.4857317381605317,-0.14220429782200844,0.1287051437682902,-0.08637876288588855,-0.9616318260330314,-0.0028328283451045763,0.7420477322861038,-0.0034872579733613955,-0.41133836525713807,-0.4181067076196956,0.7519054602142295,0.9404958904120245,-0.40761089999054356,-0.3718325514348001,-0.05504028005644595,0.218684913961287,0.22721801456413543,-0.08586226382507833,-0.13134004549853862,0.13238506690388813,-0.00048661914556733925
C-081,Cerca-Carvajal,Hinche,HT0614,-2.8068065240783207,-0.6228703857537776,-0.728587807449486,0.6050073525671756,-0.6469207728710138,0.6426199647387145,0.8864732474086666,-0.39206496896204934,0.18075792969934726,-0.08757939653845005,0.30384139210778144,-1.3189841708560552,-0.03537356533419083,1.5449431127878108,0.4814275275980464,0.14504050043095174,0.0500475788446998,0.5009731941616534,-0.08753993285151078,-0.10525774572955879,-0.030667747686952344,-0.14708002849656673,0.029098153134019856,-0.0001436633826878355
C-082,Mirebalais,Mirebalais,HT0621,1.6742734444477398,-3.604788327718799,1.5214069077334973,-1.209517149354669,-0.697917075497566,0.1793308058692749,-1.3954542394221405,1.222092832274327,-0.2870177328126795,-1.4797576844051343,-0.6110504147907522,0.34725509532424303,-0.6473858327659238,-0.6058168113598685,-0.4012617623720452,-0.8175661389865725,1.8624059337488532,-0.19029257451506265,-0.35149884134260173,0.27285994964260474,-0.4055650090778407,-0.14161743787771836,0.020177635868328516,-0.0009236021326038233
C-083,Saut-d'Eau,Mirebalais,HT0622,-1.1654364786391773,-1.1826512957438204,0.7326234187482786,0.738941792341942,-2.0152225070242245,-0.9600975551314205,-0.6220855664203994,0.9596081971531664,-1.031398245714266,0.31164644247094875,0.007698496036083641,0.05271880260191735,-0.18264557798053424,0.0781209432119051,0.07665049584740262,-0.35317124568148833,0.12836670588177526,0.0210377277514196,0.20710046580671237,0.12716867246960037,-0.11053820854504093,-0.18590647727520535,0.018898009078600723,0.00030962502480389955
C-084,Boucan-Carré,Mirebalais,HT0623,-2.4305147918106864,-1.9180341441601743,1.5673037197291426,0.675310893244807,1.3249291031111083,-1.4939858566161057,-0.06426739177265565,0.6779995595958911,-0.4254728832585599,-0.46813701029868193,-0.3667819793711953,-0.8395985454030274,-0.4246878742219324,0.7041242310908521,0.3446552404638919,-0.16052760654105716,0.1516593039581278,-0.7809971310661197,0.24175576146167713,0.06107064527569834,-0.28433882476668576,0.0036367416005826745,-0.04141538708732976,-0.0021047255084108937
C-085,Lascahobas,Lascahobas,HT0631,-0.4965572406302222,-2.0867972737963054,0.7850513211022189,2.040096196956836,-2.2070463319525877,0.616050139162916,-1.6095323496620206,-0.9708500588755665,0.7670134317086094,1.1741488920411047,0.3838422486697426,-0.08871262322667142,0.5026889908721182,0.5431010473156419,-0.16138769005592593,-0.22910191392867407,-0.3950596501163085,0.42387805450363397,0.23159896050360754,-0.23513008896167228,-0.25895214218367807,-0.012698005722483061,0.05199640608154398,0.0028349062525711353
C-086,Belladère,Lascahobas,HT0632,-1.4874514472342424,-0.5941787956047083,0.49887365400300376,-0.1368827059374219,1.8573943315682495,1.0926197391276988,1.0772045626282025,0.7613235544564152,-0.5755816408449832,1.1100201619772057,-0.385189077207473,0.04668539545430595,-0.8157668073591566,-0.8404124119920554,-0.06201695363775075,-0.6495034569200367,-0.7711450859858632,0.33561527922961437,0.41856033897057066,0.41933370513063695,0.015688592042939507,0.01005711433251164,-0.4211117900446621,-0.0018985475277867503
C-087,Savanette,Lascahobas,HT0633,-2.512565365004775,-0.8290642363150383,0.8566424772073508,0.9898294811493196,1.1160029630367125,-0.47849925945823213,-1.3223020120097284,0.7779182365407763,-0.6080075179224882,-0.5515681092099479,0.13842716352178638,0.12375849509796714,-0.35774056697483025,0.3940040252084662,-0.46602031015114526,0.3095842317487671,0.6084221572010168,-0.026260253572462915,-0.18498235927468198,0.012939523390104004,0.020215828169612593,0.006284237685630029,-0.00915184458531371,0.0003936650014405267
C-088,Cerca-la-Source,Cerca-la-Source,HT0641,-2.6354400551496333,-0.8138122871136059,0.31435987993638953,0.14988197439000142,0.4947457519493947,1.4542963122623904,1.5835440532183527,-1.2874430752115453,-1.3343333873311904,1.5215358740053293,0.9466322720597135,-0.3721289285904787,-0.024374270337641245,-0.9550573430349821,0.5960445801365347,0.10008263611728098,0.6953857245806492,-0.5052630151971162,-0.7237056530255893,-0.633391578030926,-0.08949052997356964,-0.22129197203289694,-0.1090440739985647,-0.004783841743438355
C-089,Thomassique,Cerca-la-Source,HT0642,-1.3328456423061654,-1.0936506587716406,0.365870354319034,-0.21145999161048495,1.1961116299527947,0.8017686010108804,1.0055353804289298,0.2011631754238052,0.33047087915726997,0.01506471451982332,0.6111540126090433,-0.6165076449218257,-0.08139339233089202,0.21221686550465424,-0.07356872026628196,-0.34334110935427287,-0.645482658801219,0.005024316879325162,-0.09481962469035017,0.08702080279484194,-0.16229745107718468,0.015005710318848592,0.045682212138880504,0.00037480089321402087
C-090,Les Cayes,Les Cayes,HT0711,7.217309103822011,-0.028339118298148204,0.40915674575130306,0.3225913448521044,-0.6865730146014599,1.6117266396107863,-0.8111044568085234,0.4541160799378413,-0.5593996219841552,-0.7297152889657651,-0.4397850540807784,0.5132827755409148,-0.10277876228124679,0.2104493931645605,0.7645009087183553,0.4798291100401079,0.4864978148593293,0.025697054477863534,-0.05837969065879735,-0.5495860104304175,-0.2489859660315996,0.4371090359097783,0.006624117372087904,0.0017448024318250392
C-091,Torbeck,Les Cayes,HT0712,-2.243032896033753,-1.5301463589878777,-0.01315327168714319,1.3937884823556652,1.8945853399581642,-0.1447112182550129,0.5342747865221456,0.18278864975500447,0.5037307344870826,-0.700138018146164,0.12698926937876906,-0.4040541688110672,0.6573379416552732,-0.3121907600009502,0.8011107530672585,0.4087782410848742,-0.28837238768196793,-0.4024105893657957,-0.23133736163173282,-0.07526843628392907,0.0855417534103866,-0.04656683290199276,-0.06474877252632039,0.0018546254656770672
C-092,Chantal,Les Cayes,HT0713,-2.784246952530694,0.23642042447209843,-0.15401317544884702,1.2035548177415123,0.676163598620804,-1.4604787582858805,0.7842368905168224,2.020776226766753,-0.6008377156685114,-0.3566969243240825,1.0307811386947836,0.007280389497328563,-0.46361014155444147,0.22982677723031508,-0.037355778857435906,0.44460982467763177,-0.2072723587797089,0.39472549952520686,0.10585901398790847,-0.07284882838168612,-0.04051815541977764,0.12758880842318043,-0.09904646002429249,0.00042720969566017596
C-093,Camp-Perrin,Les Cayes,HT0714,-0.30701542086334277,-1.54443695645354,0.018223951922104246,0.796070838983342,-1.787990522595476,0.9788351504308028,-0.677272667134619,-0.14767822803296737,-0.13925702277253854,1.1150242002990418,0.4629001545531104,1.0528516636690546,0.04779733544899677,0.11714643043936594,0.6618134537996336,-0.15359314867124857,-0.39533651056947927,-0.4220177142431445,-0.1891780258855152,-0.24605839184665307,-0.22411656002226438,-0.09974733024364753,-0.012502470657991222,0.0013971490793165437
C-094,Maniche,Les Cayes,HT0715,-2.575312950011037,0.01112371233043009,-0.016605067240236464,0.5615609974449114,-2.330680511656616,-0.42741250216595733,-0.22847893389150759,0.8920418182934177,-0.6616935123138254,-0.37764042482300864,-0.9883232134054865,0.5986344393935541,-0.24630479955230788,-0.555510597005714,-0.300971075178348,0.7361518602471749,-0.027803342749860623,-0.11608973966444408,0.06881983185691481,0.13349280670869756,0.06921634421155093,0.27794983474699764,-0.01466365255794114,0.0003353487243545943
C-095,Île-à-Vache,Les Cayes,HT0716,-3.149895973564464,-0.4240135968978366,-2.7764863650334606,0.4137260475536247,-0.8391062203125852,0.6684701687559665,0.6390214113022871,-0.3866168189042212,-0.5351650036119175,-0.5940017245926139,-0.08860402847709556,-0.4624369384253964,-0.27521240530226465,0.4448858012021901,0.6373603130390204,-0.2978949894968583,0.3346265488600312,0.18447138768480953,0.007153630161244738,-0.007105612574742813,-0.0032490489571493954,-0.25339167584459993,0.14814795572782619,-0.001983459231671544
C-096,Port-Salut,Port-Salut,HT0721,-1.203583419547526,-0.4601602116675765,-1.1220782190678908,-0.8209195395894723,0.09102793437390992,0.2676980915142313,-1.734280144504148,0.6039735239936359,0.6482360643171011,-0.7888825567324915,0.3032131342126332,0.2305745048889646,0.560904005710493,0.2809917103122399,0.9522712455302552,0.4489921774138535,-0.40384733930664674,0.1283766059778277,-0.1159703551250511,-0.00485045237524632,0.029585009419951243,-0.013112785427770272,-0.037268500563796846,-0.0010255220060396669
C-097,Saint-Jean-du-Sud,Port-Salut,HT0722,-2.3965511893170044,-0.1285171943770734,-1.2237988437422482,-1.278666444915278,1.573043666721424,0.7696270733610505,-0.3922795139150304,0.3359644091907996,-0.8585184208030555,-0.9254846227280739,1.0030556470435659,-0.1051672843334286,0.4646192621226136,-0.500171706347117,-0.49519014822534385,0.6050925753044617,-0.47506525100943225,-0.3614870765238837,-0.022125086178374345,-0.09274307825518044,-0.039878610852201055,0.07999402844060297,0.11878363747540548,-0.00011182943750947026
C-098,Arniquet,Port-Salut,HT0723,-3.3821408981488528,-0.4883673344213852,-1.1066945503257444,2.2170069249534956,1.3277614480627,0.569042561471875,-1.17555519988525,0.4249688863727268,0.6739366712132043,0.23909413574677077,0.0896676620484969,0.6864283700841176,-0.6413868959484282,-1.0922649143562828,-0.5656366045073895,0.3120619171076834,-0.2135487435168428,0.273940541128296,0.6798701408455535,-0.1598915774526615,-0.048142903207322535,0.12817989578835662,-0.3116041820539686,-0.00019182638703188387
C-099,Aquin,Aquin,HT0731,0.4796640658660812,-2.7656198084844306,2.2440334997015228,-1.28239583134834,0.15044916327278343,-0.6608436686331217,0.8989494683929352,-0.13761552115454914,0.3662972650681618,-1.0505510758108672,1.2513281273551684,-0.9718782763924456,0.9135576412391205,-1.069377616315887,0.6378079258061565,-0.7131971032705764,0.6964457508452953,0.34356121139721024,0.7193059034950348,-0.11413722224178696,-0.44958453351171895,-0.269366966140127,-0.004529630218029782,-0.005860949059848034
C-100,Saint-Louis-du-Sud,Aquin,HT0732,-1.7891124922327386,-2.13496041416643,-0.23180030935286125,-0.2122957134020191,0.008649137898832695,1.9718337944983344,-0.01297388586980025,0.07871574403880235,-0.5186006022168512,1.5495056573630366,0.09594753655990094,0.30834215851148994,0.8645429666544415,0.1294922574357684,-0.28272570883229964,-0.22950702802484282,0.964370310086956,-0.023068161207033745,0.04560273545970475,0.5297923391966602,0.01147040301356801,-0.001979705088547471,0.0983859382939835,-0.00013968446588748408
C-101,Cavaillon,Aquin,HT0733,-2.05816965123424,-2.128214708757884,1.0441706279582341,0.40134215774455423,-0.30998165298258856,-0.026238260897494873,-0.9503516268244784,-0.9076843890954776,-0.28204791450875416,-0.33484629033931196,-0.32963934518747834,0.008089527060861777,0.5906238028559656,-0.603320447700881,-0.2732130424573743,0.40353906811663104,0.5632557114626368,-0.1793408364898166,-0.02587095649953678,0.15402569309957964,0.16780449090784666,-0.02819637513069426,0.09140014009192134,0.00043914223179825486
C-102,Côteaux,Côteaux,HT0741,0.364180561324205,2.2478622651399394,-0.2724778576464164,-0.2633939401193484,-0.9755278006653966,0.12962645311398474,-0.7406385724511446,1.009475689967516,1.032066518416079,-0.06060665807242902,0.2524461288819842,0.7326745224488668,-0.25616602223988627,-0.42760107177870144,-0.2010106833166325,-0.4189568292351761,0.14486978349270502,-0.47159442673484003,0.2660791376835714,0.1525580896233636,-0.22653512234379303,-0.015551670210219333,0.0048112411075584855,0.001169813970437723
C-103,Port-à-Piment,Côteaux,HT0742,-0.09438911699652876,2.5912346561423747,-0.7013053515519078,1.3167719196985137,1.1955983233169325,0.5210392022122206,-0.795640730669932,-1.2269127387538565,1.4739541690844349,-0.6788520759505244,0.639707082361538,1.4548403521386737,-0.8979611815566563,-0.09192459283218508,0.4618436472020631,0.23735950811312884,-0.05855025688551904,-0.19575586856734375,0.2977674551342897,-0.18812189128306928,0.1008963479245827,-0.11378718886663401,-0.0552891348167834,0.0010610562656097908
C-104,Roche-à-Bateau,Côteaux,HT0743,-2.785916390601947,-0.8140481877838347,-2.358941870014902,-1.4117084531610915,0.6694309144590449,1.6707296880296176,-0.14839494611141435,-1.0669721717283034,0.5287564162300057,0.18447315748019605,-0.8872243577361083,-0.4026050298173504,-0.010686869111322954,-0.06609093403787082,0.4290406845132348,-0.5519166678010748,0.10135303466426171,0.16926150731082654,-0.3384238439232213,0.09266308278986758,0.07883440992142761,-0.09389917430516181,0.10808417699177635,-0.0007450189123276362
C-105,Chardonnières,Chardonnières,HT0751,0.011347021030081603,2.0597189091419703,-0.5093940103292564,-0.45739408131429254,-1.8533881007992041,-0.43673934771995254,1.074341084038048,0.7065054487358291,1.063787978401308,-0.8499645138659221,1.1340199114862248,1.0593401629780588,0.2646139298386392,0.4819106242220745,0.47648326556560305,0.7808981699301205,-0.3835309668803781,-0.19777166255696588,-0.5108336784924974,-0.14413420963314494,0.05437824985140077,0.1293256360955592,-0.0937653562905614,0.0007075003560808195
C-106,Les Anglais,Chardonnières,HT0752,-1.58057770322239,1.950856323881033,-0.7866222039625546,1.347271422200922,1.029451699747655,1.3884254850642577,0.8481303895599847,0.05337651419467355,1.6195835886220757,1.2551205144937783,-0.021314002016162098,-0.4987789496594094,0.11663973969155261,0.5947405757320173,-0.019913374238495388,-0.33480666724468927,0.771730457588813,-0.4294121469241131,0.4223518527286471,0.04470110060242249,0.07727511612226796,-0.4747528052659634,0.11652035182888262,0.0021121844910515246
C-107,Tiburon,Chardonnières,HT0753,-1.2065383748033607,3.166748452916057,-0.1355578029228292,-0.2518820096523519,0.6638810448578725,0.7850781396479658,1.1636622977261584,0.7729624627931581,1.4233452975196772,0.330398195956027,-1.0122457901398596,0.15802454102486566,-0.561133516525557,-0.3867740953613228,0.20856300975258416,0.0925852723084837,0.1538512553416418,0.1667750289293452,0.2676159861254984,0.05001966655472697,0.23032142930656757,-0.13740559995112656,0.04083953056111394,0.001096571542998437
C-108,Jérémie,Jérémie,HT0811,4.4094868089188015,0.9026046507158738,1.6451294641820624,0.49493393444868966,0.6337340470697782,0.8774993751902938,0.1289715273748805,1.9781362575270858,-0.44627977519171036,0.20395366408773707,1.316370089392387,-0.5574481672188393,-0.06736060424377399,-0.14999010842021543,-0.13716230016364567,0.31454367566399904,-0.08251793964085277,-0.9002892051130976,0.043049202979737994,0.28975495688152325,0.3737976581157037,0.2753281029522035,0.1878528927933341,-0.0007119829341606454
C-109,Abricots,Jérémie,HT0812,-2.764309671832689,-1.1549132127400237,-0.9024316476282029,2.011305405972132,-1.2987556253701134,0.6427539394396876,-0.0025730957826911177,0.21385881192222592,-0.09745977442054717,0.2235556880344372,0.3117014809398748,0.21719723762790077,0.3214912091668259,0.3191703881555637,-0.5569762753933809,0.5017540890094718,-0.13536737389758802,-0.5136289415390991,0.06515273736882413,0.14772874964714117,-0.06188995936423169,0.14531875193361943,0.05662298926311628,0.0015940461033516144
C-110,Bonbon,Jérémie,HT0813,-3.8121410499886856,-0.49525383378628657,-2.2245604858462356,-0.3069847423195447,0.08864526286806364,-0.9873557756588146,-1.0525118977736319,-0.9623049735673854,-0.8106395241873763,-0.33706612997153895,0.3172999397674079,-0.6335426983236033,-0.6065937100185793,1.16862671423434,-0.6585634439620182,-0.33328250926775466,0.1334646234886456,0.14428142484837805,0.2550359392789837,-0.15307616075560773,-0.04251498024592176,-0.18448300019062366,0.2570799620223103,-0.005392224162845212
C-111,Moron,Jérémie,HT0814,-3.440945138757032,-0.8372871001438753,-0.14629892064764755,0.1693037181748254,1.6866865933525907,1.3567185548832066,0.3392918706316128,0.2174796480178379,0.4126663011875897,0.0641052270481767,-0.6412189652376971,-0.7932369071916865,-0.4047734236769627,0.5121895315919188,-0.1433976551833132,0.28214727511077736,-0.16517857652778148,0.17553849029539842,0.13606667446191967,0.09835164825059878,0.1037546889493511,-0.0411156832616457,0.045550501120409516,0.0005852137411695301
C-112,Chambellan,Jérémie,HT0815,-3.0791278081714233,-1.0385135863224926,-1.6911076990960128,-1.1141461553990444,1.0894263970221763,2.090159338256078,0.06900975675924303,0.11057576694307626,1.7161627349264477,0.30024297385824533,-0.40839494183257324,-0.5325552255742447,0.3261166792946674,-0.027268308051113622,-0.24114650501591975,-0.12458458082622756,-0.050248312519806666,0.1330711172138474,-0.3425034778072905,0.14487648869525752,0.004156175035710776,0.09955899890162491,0.07110984078487317,0.002077410373672106
C-113,Anse-d'Hainault,Anse-d'Hainault,HT0821,1.1145482612233237,1.676777952823129,-0.7273659167446054,-1.5871375926552012,-0.2498668054912455,2.3603005160384325,-0.13812889203701392,0.7480722075975543,0.709258683075092,-0.5218792545335028,-0.7837367370175053,1.3105813010131007,0.1510572559064871,0.18828158511241347,0.009270120033300905,-0.45307490703673875,0.26960950567672104,-0.21370472401363916,-0.08773574383768627,0.1659113123875373,-0.1920665076906981,0.048916778201192244,-0.07904880876923785,0.00037849981825434104
C-114,Dame-Marie,Anse-d'Hainault,HT0822,0.7907913978616086,2.949750603607621,-0.5729439571983735,-0.10079854450362609,-1.064892595791929,0.6661075584722344,0.7051725595089428,-0.0855387628452895,-0.21493449042697535,0.7175894773802547,-0.2233263075498028,1.3928203191767363,0.6056638040065856,-0.5299061314794391,-0.04953430969463712,0.031191768961513395,0.5853539345435709,-0.37678493105677363,0.7920358870441666,0.31423446266567856,0.32685496468727476,-0.40582475876834,-0.016293925380325227,-6.768650564104083e-05
C-115,Les Irois,Anse-d'Hainault,HT0823,-0.6753108672172856,3.174824359226743,-0.2727866056862674,-0.10751300864909567,-1.318367277375645,0.17291817522733463,1.2120692573561742,0.5053654810695147,0.6315525136356882,1.0368162623057748,-0.48632307308874767,-0.0013180054077910862,0.21079578172815897,-0.417683290925504,0.3837827846384841,0.20332128368086547,0.12993347192597224,-0.04496791584349052,0.3882389135950273,0.12136969074001315,-0.10186534331919703,0.303529002462692,0.053614881903075784,0.0007259700114946332
C-116,Corail,Corail,HT0831,-2.557058352137801,-0.9466813531489379,-0.17857444285763147,-1.3927418178421467,-0.11771821317576091,-1.2142077680471361,0.07873872643255508,-1.3940850417282447,1.2916339580356273,-0.16816896903197984,1.9857828834310036,0.10137752667174495,-0.219347238140924,-1.4071822028803305,-0.3314440933672147,0.17205854531364861,0.26445528278880526,-0.00012787093496550064,-0.23622614564086786,-0.09558200787618348,0.046827705035691905,0.07392436719801876,0.09204751015319766,0.0019811218699295158
C-117,Roseaux,Corail,HT0832,-2.6097637571827166,-1.6272028287608475,0.7895335862298843,-2.784503374838004,1.7470875570955477,0.0673682066551004,-0.6056011155490236,1.02327012827808,0.4393579117444523,0.7110435904107499,-0.7154684309285995,-0.5734585587716894,0.7152991086811338,0.9386787559980723,0.21351973992685327,0.4818728932586251,-0.0011824039508451219,-0.3727360572279671,-0.13529162349523224,0.10589447997169507,-0.005745733366846944,0.15117645530263432,-0.06957566296594765,-0.0009341552625198028
C-118,Beaumont,Corail,HT0833,-1.5111407543350397,-1.7143281793691383,0.4605399484473497,-0.3007637020576321,-0.6028252651785218,0.5145094843975072,-1.0783022731494336,-0.43291607275873256,0.34754603494730235,-0.8023747773018685,-1.651845234833687,-0.285382939567793,-0.396955875911513,0.20081263988944736,0.3558528863701451,-0.550455920093077,0.2395227319948751,-0.18060242020146983,-0.2840630934650467,0.15168148224808628,-0.026927250603797515,-0.16098256587302,-0.006131558049084783,0.0017794275046843233
C-119,Pestel,Corail,HT0834,-2.0745339215238143,-1.485092784120355,1.5677576514809566,1.494494979704794,-0.8013456768904336,-0.13299000685848802,-0.9986700629781547,0.030409185793486334,-0.11944471476920909,0.7908625815557832,0.9057026423572453,-0.6793011082646877,0.7015682390367135,0.6657426826338305,-0.5798867971837179,0.5986034627357845,0.1567724205224451,-0.14971487994530666,-0.37771348287787176,-0.2164679026498704,0.06417568734586804,-0.17412112332071905,0.030129493371800282,-0.0013747877098518194
C-120,Port-de-Paix,Port-de-Paix,HT0911,5.521576188630449,-0.2018442206181689,0.7431864680480417,0.40637182368808933,-0.408692957938046,0.5800051127059067,0.8792512772016943,-0.09469871773423374,0.19652202244707004,-2.056025728420433,-0.5978509882716843,0.4831259949324668,-0.15462901513275504,0.19799363481101517,0.29975440714288004,-0.06579806550236547,0.48535536521213907,-0.24619844166162658,0.07421282578419813,-0.14004445052654765,0.767829547713049,0.13002933840265782,0.08363756031570349,0.0007103146284169847
C-121,La Tortue,Port-de-Paix,HT0912,-1.5768039126370748,-0.34005210873714264,-0.2340066110208089,-1.5143128782808677,-0.2517729542731983,0.5615002593650287,1.03063138161341,2.053388354148089,0.2540472912024484,1.458133452772054,1.4222757613209225,-0.03148670034554494,0.6969830794145953,-0.14696289843904126,0.946403666656671,0.5617162461226711,-0.1714762552455184,0.3321837491373721,0.4283272654113783,0.21354064112052207,-0.0036530244247334476,-0.028972758880967703,0.04631438567517042,-0.0009739260713053247
C-122,Bassin-Bleu,Port-de-Paix,HT0913,-1.9676552933563112,-0.6579904296870576,-0.07436258199202533,-0.3025528390470329,1.7416605769500053,1.431987786926364,0.6894708222137398,0.7676626230923965,-0.24120311556430807,-0.2808554910277924,0.1016661629842936,-0.4474189164192021,0.5017072797193332,-0.3195957050382814,0.42323852783566784,0.20565117065246094,0.29669228831390865,0.16565103685066404,-0.24643011249216312,0.07937949086525489,0.058496533390398446,-0.06212855017081655,-0.006979992353619673,-0.0004901461946770206
C-123,Chansolme,Port-de-Paix,HT0914,-2.888028786288873,-0.8911827122208178,-2.4147339042761358,-0.6025099086900773,-0.08783051681884367,0.5437604187218036,0.41963474986404087,-0.2770813125137257,-0.5956236268740354,-0.030796421163034327,-0.9353414126260461,-0.33210120593189874,0.5692888868588125,1.0547291212353966,-0.2801689664765557,-0.1294220328247378,-0.3359668473910886,0.005812902706015701,0.21657905253719262,0.2376489645913194,-0.08551581240381076,0.25088791566170143,0.012887688802489116,-0.0008250608811084853
C-124,Saint-Louis-du-Nord,Saint-Louis-du-Nord,HT0921,1.5633225437614309,0.8734113792839635,-0.964013827207073,1.273244329670151,-0.49778326226473285,1.1130475198876135,1.0333034264718488,-0.9670081869829891,-0.7941801652060925,0.14490983966106913,0.496951105022788,1.3542085176223917,1.639257663871599,0.6597490273941135,0.3043456163211289,-0.1650131716607723,0.4662967557575588,-0.022090913296604984,-0.09868266803531237,0.031052900432468982,0.03796008743465849,-0.05279005225935386,0.05432050450955991,0.0006379925807337362
C-125,Anse-à-Foleur,Saint-Louis-du-Nord,HT0922,-2.2905223799708576,0.06379639829133803,-2.015876172863826,-0.3783894122583769,-1.2472264069513015,1.048734067672456,0.6314343098745163,0.8359924931478504,0.6838329255639491,0.9649784263753012,-0.5024815098284893,-0.3072786121353376,0.5544487594152788,-0.43568281344975,-0.08184786618854326,-0.2885787803886229,-0.29611036249728834,0.8729685411314416,-0.14986213263610187,0.09886136847888763,0.10701026936620785,0.027071056968125874,-0.020582301608050406,0.0008041185579747811
C-126,Môle-Saint-Nicolas,Môle-Saint-Nicolas,HT0931,-1.6656920312152923,0.007647380257837095,0.5296123298723857,1.08330445310893,-1.4471798065582777,1.2491336347192423,0.22400407110188394,0.0884388055633844,-0.7890558783069282,0.011698261118192907,1.0574206606270855,0.0365282873259135,-0.2354318108490548,-0.7062314675870841,0.1046530126663018,0.5669727934049723,0.3583070499818299,0.40776209443377426,-0.07547931093023517,0.03360881193958772,0.09949442044673155,-0.12462964562295467,0.0757420275351536,-0.00240983465740734
C-127,Baie-de-Henne,Môle-Saint-Nicolas,HT0932,-2.3964620035068847,-0.7241665897373802,0.759599834068029,0.4958873164820006,0.385426915957152,1.1810869373802513,-1.1605320880415328,0.5288796314780669,-0.3793319445871201,-1.0705146223469455,-0.3200650566990029,0.13113884647171262,-0.6033071201512887,1.1374552655506134,-0.11090470886147236,0.8248927733203105,0.30197509977684256,0.5418987929875991,0.13659982220173514,-0.09113318411886628,0.059729242102645304,-0.0477125922652668,-0.1879118012583634,-0.0029755515715729924
C-128,Bombardopolis,Môle-Saint-Nicolas,HT0933,-2.9101944912255377,-1.098549548537476,0.6687356775456271,0.27555139454092126,-0.1578378277751957,-0.07201158465722089,-0.23590230730490316,-0.7428163340072431,0.08957003452438472,0.8567213674525767,-0.44288474907525727,-1.0393605115827154,0.28399661791566694,-0.23324374452025856,-0.49669827209667644,0.36863883504911693,-0.3808176316888185,0.45367738801620905,0.5599014596397633,0.09744407983849018,0.13102756579515334,0.06905502393953858,0.0028553304270326285,0.0004938136829390788
C-129,Jean-Rabel,Môle-Saint-Nicolas,HT0934,-0.07546185817007506,-2.6404958167038837,1.877559499129008,2.032846276389401,-1.0198274935330893,1.2143205028749162,0.23379736439697635,-0.9094191344543401,0.3397212597837733,0.5641960526445465,-0.06802871740059123,1.3055884968137625,0.1895833459027081,-0.6927171879403218,0.056601084613680616,0.10458403721988434,-0.038893488249337825,0.09418694418929967,0.2531693953436836,0.01808157895940122,-0.14940169402479986,0.22619885589788238,0.12510744421326983,-0.0019135025153079973
C-130,Miragoâne,Miragoâne,HT1011,3.408305273006641,1.470115202029532,1.2116531271963846,-0.25877194256899455,0.693832741209487,0.13343043382491723,-1.3038923397636224,0.32108569122009417,-1.1276020874013446,0.13635257319529048,0.3467801343393095,-1.6844630378998942,0.3320187035545069,-1.3523138836875288,0.1307100026185266,0.4690059888476267,-0.42861347951366374,-0.5203418361237925,0.4117984716762013,0.815463354960005,-0.6080649847442768,0.19601637419427195,0.1274227985818192,0.002718932058713296
C-131,Petite-Rivière-de-Nippes,Miragoâne,HT1012,-0.4534258378831998,-0.5701799236639837,-0.06725907948313291,-0.4136585835902888,-1.6648331855303116,-0.792435857243779,-0.9162972510695577,0.18762571663716415,-1.2293968480466335,-0.5310483318229098,1.0081052290087382,0.45054978379433086,-0.04440107931465613,-0.5603438732090298,0.1091395195220745,-0.06420649943747217,-0.7094633785205905,-0.19711670275298787,-0.11534329147871904,-0.0666212242451455,-0.1460281698543294,-0.024077985572802073,0.058854441462440635,0.0012987678061464705
C-132,Fonds-des-Nègres,Miragoâne,HT1013,0.4755286557601107,-1.802928491986324,0.04979061204772726,-0.8404534265715526,-0.9257582767713307,0.5193446551827405,-2.238275402366227,0.6017270708133756,-0.08246020972511939,0.4423383425460151,0.14130159117124474,0.15309774855283262,-0.33605195060739274,-0.13139577204512662,0.6289145363242853,-0.6499571275682167,0.06139708290526012,-0.6948532927685207,-0.31757271145622423,-0.2244169778605323,0.2956231190614083,0.07403952441683571,-0.07878340696446019,0.0017388808235229611
C-133,Paillant,Miragoâne,HT1014,0.254251584972897,-2.016492305136991,-0.7428257873407785,-1.9986448707645137,-1.4558057970454474,0.6234777910603745,-2.562988585085049,0.4167320861301841,-0.5178112034629767,1.0809767732819473,1.578111525412273,-1.0202874688443855,-0.30822112360784093,0.6795365466405542,0.30660944475450097,-0.24866247080934978,0.12275334643432755,-1.314530405038879,0.2511493210145767,-0.2610071829755195,0.6944474148524242,0.3570458745928166,-0.20853056938544126,-0.0015757701282019655
C-134,Anse-à-Veau,Anse-à-Veau,HT1021,-2.3314254295781986,-1.6378305068666452,-0.58744818545679,-1.5524272860038695,1.3467463022504615,-3.2301934388128366,0.5516732242518092,0.5296247669705119,0.6449075137818131,0.1185672011964164,1.3037925884508637,1.2178610357027784,-0.4318739213960968,-0.4895904186510877,0.7680868254397353,-0.4116156341509906,0.7627431974808154,0.06308084703848299,0.048680416897623854,0.23016800618585118,0.06303419925828586,0.05831096340817948,0.03132594943750898,0.0027687920721254037
C-135,Petit-Trou-de-Nippes,Anse-à-Veau,HT1022,-0.08714743668900234,2.336673673284715,0.4947473839674598,-0.4044351427869252,1.2143888223058266,-2.073793777696997,0.6413017754493061,-0.3080192359827846,-0.2996666807691073,-1.055921173338216,-1.074758831420752,0.34731327958792874,-0.1213326452586595,0.28580278091414585,1.8656983092813726,0.546338552194459,-0.4785270548705066,-0.33352845203014453,0.7133095051581817,-0.07836689993642523,0.26993275103680486,-0.1734259931998524,0.01056288909373249,0.0012800490406478906
C-136,L'Asile,Anse-à-Veau,HT1023,-0.9416831713424364,-2.548324381931158,-0.07618621479406262,-0.8357531755026878,-0.04056240261938832,-1.3916948630844515,0.12791233674385905,-2.000982293184286,-0.9886072139647674,-0.935050212932336,0.5801994030976492,0.8790708094259787,0.026360330713440322,0.3283203818054878,1.598043895458105,0.18910051832101607,0.03391158712811773,0.30335468531083953,0.5298367362851554,0.2825269725140478,0.4140458705609509,-0.40675892882273473,0.00540683493063357,0.0008064342816882313
C-137,Arnaud,Anse-à-Veau,HT1024,-2.4906294139290743,-0.758048184654233,-0.4239244557117997,-0.3900234930201972,-0.1834142683575855,-1.8203924158735711,-1.0763324156295024,-0.29352501919329355,-0.4907071207877119,0.026886468030036307,-0.18451836404147595,-0.6285987116335569,0.3783852383391289,0.2400013863311217,0.6175056073367796,0.08630585790107853,0.03175568422672271,-0.24768650638871056,-0.08664390081477132,-0.2116144988215645,-0.055671689203340785,0.0036667393521440553,0.01877837379858745,0.0015162637564014791
C-138,Plaisance-du-Sud,Anse-à-Veau,HT1025,-2.9627278270393957,-0.3123364912423536,-0.47376826231958263,-1.013540632371733,0.7538430255241179,-1.9534330877617914,0.32974799534630367,1.188210096916677,-0.8465292004303095,1.8516749887674804,-0.07285066888677291,0.7649021329434247,-0.4683216265125921,-0.4187978160414921,0.9190577664793387,-0.08451482352614945,0.2903380059568846,-0.1911474691344017,0.02132936594910494,-0.46062861608326305,-0.07138691494009736,-0.01346403160394018,0.02711463473005555,0.0011632997432496673
C-139,Baradères,Baradères,HT1031,-2.419241473015179,-0.6252662547817037,0.17902820993852656,-0.3297405919516774,0.13790951349481398,-1.572014639635363,0.5143742024350823,0.42423391301863045,-1.8673146520293296,-1.0021249021408498,-1.2245630648758148,-0.19980388774836677,0.06810366125141704,0.37556202989838644,0.5796757950801874,0.27112138561985016,0.12741985522620014,-0.02309205995967276,-0.26199843540207823,-0.12382842105107146,0.147237925009021,-0.030573064726314714,-0.0669230151535413,-0.0004956782798916349
C-140,Grand-Boucan,Baradères,HT1032,-1.2092183953352063,4.714677175389668,-0.4639065997451361,-1.3803650945715094,0.1343717218323571,-0.8407495878661093,-1.2138339417704378,1.1092450805949536,0.627590586304424,1.909284780355097,-1.1370338094804862,-0.13785395166402406,-0.740596417135948,-0.2266874590242341,0.9458966674911448,-0.09696483945947362,-0.06677451383313225,0.42529293796608053,0.010736522447533757,-0.8197468258058889,-0.23418392533039634,0.18707952518304322,0.4422711727428537,-0.0010650947836803037
