id_commune,nom_commune,arrondissement,adm2_pcode,brh_maison_de_transfert,brh_agent_non_bancaire,brh_banque,brh_atm,brh_microfinance,brh_caisse_populaire,population_totale,superficie_km2,superficie_urbaine_km2,taux_compte_formel,taux_compte_mobile,taux_utilisation_OTA,score_connaissance_fka,taux_connaissance_banque,taux_satisfaction_banque,taux_epargne_formelle,taux_telephone_mobile,taux_internet,indice_privation_spatiale,part_urbaine,densite_hab_km2,densite_bancaire_10k,nb_types_services,taille_moyenne_menage
C-001,Port-au-Prince,Port-au-Prince,HT0111,4.941642422609304,5.517452896464707,3.1354942159291497,3.4339872044851463,2.833213344056216,1.9459101490553132,13.804902490850028,3.6119984097779785,3.26918863874179,20.86,7.19,55.06,4.0,91.2,49.72,15.34,84.34,29.75,0.276,0.9989802384564308,10.220308471168048,1.73327692064429,6,4.638888107494819
C-002,Delmas,Port-au-Prince,HT0112,5.1298987149230735,5.220355825078325,3.258096538021482,3.6375861597263857,2.1972245773362196,1.0986122886681096,12.889480048069148,3.358289880650879,3.358289880650879,21.11,6.17,52.73,3.92,95.03,59.55,18.04,77.0,56.33,0.492,1.0,9.566672135189435,2.459911275287448,6,4.730436236401199
C-003,Cité Soleil,Port-au-Prince,HT0117,2.302585092994046,3.091042453358316,1.0986122886681096,0.6931471805599453,1.0986122886681096,0.6931471805599453,12.490077967009514,3.1271990362962967,3.1271990362962967,21.48,6.72,60.39,4.48,96.25,84.06,15.83,77.48,40.53,0.93,1.0,9.407787708681314,0.8565313218513169,6,4.470211155043325
C-004,Tabarre,Port-au-Prince,HT0118,3.970291913552122,4.04305126783455,2.1972245773362196,2.302585092994046,1.3862943611198906,0.6931471805599453,11.779626466033266,3.2375012889913655,3.2375012889913655,25.07,7.8,63.87,3.44,97.25,83.5,12.6,76.9,44.19,0.657,1.0,8.582358329633347,2.386945726836183,6,4.739681272007841
C-005,Carrefour,Port-au-Prince,HT0113,5.442417710521793,4.812184355372417,2.5649493574615367,2.302585092994046,2.0794415416798357,0.6931471805599453,13.146993549020912,5.112951179567856,3.128951117340214,18.98,7.56,54.28,4.83,100.0,60.6,16.03,78.03,33.09,0.241,0.9980076765918586,8.040399128903971,2.1323452643619905,6,4.871544545419978
C-006,Pétion-Ville,Port-au-Prince,HT0114,4.8283137373023015,4.867534450455582,3.367295829986474,3.5553480614894135,2.302585092994046,1.3862943611198906,12.841826384633343,5.114935247556761,3.6464937376174986,15.92,11.24,53.01,3.31,63.5,58.43,16.51,68.07,48.28,0.432,0.9914161953781958,7.733351036844857,2.2677803632541758,6,4.536302381724498
C-007,Kenscoff,Port-au-Prince,HT0115,1.0986122886681096,2.1972245773362196,0.0,0.0,0.0,0.6931471805599453,10.96082635588846,5.316942830671201,0.9001613499442714,14.47,2.39,53.49,4.23,94.43,50.51,13.77,80.74,42.26,0.895,0.8664651833324649,5.652301575930494,1.0683653694140813,3,4.368872363029292
C-008,Gressier,Port-au-Prince,HT0116,3.4657359027997265,3.091042453358316,0.0,0.0,0.0,1.0986122886681096,10.50621756297161,4.535927283245931,1.0152306797290587,16.37,7.95,55.58,3.03,91.89,72.84,11.76,79.47,41.61,0.68,0.9343477190005748,5.9835607367786645,2.7586115381566283,3,4.066889259877573
C-009,Léogâne,Léogâne,HT0121,4.189654742026425,4.189654742026425,1.3862943611198906,1.0986122886681096,1.9459101490553132,1.6094379124341003,12.207511609724428,5.956433046936053,2.4518667957098,13.18,2.36,47.07,3.89,74.66,68.63,15.23,74.45,29.79,0.846,0.9500117331629112,6.255587600979738,2.1089531532433896,6,4.325199213941737
C-010,Petit-Goâve,Léogâne,HT0122,3.295836866004329,3.912023005428146,1.3862943611198906,0.6931471805599453,1.6094379124341003,0.0,12.06329867153872,5.9632708127372,2.0399207835175526,27.8,7.63,66.79,4.14,100.0,80.53,12.75,85.95,42.46,0.423,0.9835052973372012,6.104831443061074,1.755600924068673,5,4.360232359301916
C-011,Grand-Goâve,Léogâne,HT0123,1.791759469228055,2.639057329615259,0.0,0.6931471805599453,0.0,0.6931471805599453,11.826275284170586,5.496307198978706,0.9282193027394289,25.65,7.68,68.72,5.11,82.89,81.84,17.52,87.02,47.33,0.809,0.8112193802586276,6.335844322616719,0.9009736180224118,4,4.048265861742424
C-012,Croix-des-Bouquets,Croix-des-Bouquets,HT0131,4.653960350157523,4.584967478670572,1.791759469228055,1.3862943611198906,2.3978952727983707,1.3862943611198906,12.430039857542761,6.454600900498532,1.8656293177945105,24.75,8.68,63.94,3.88,92.75,63.08,14.08,76.99,40.51,0.539,0.9235506884354828,5.97954265517789,2.2897758402835438,6,4.593867621408244
C-013,Thomazeau,Croix-des-Bouquets,HT0132,1.791759469228055,2.0794415416798357,0.0,0.0,0.0,0.0,10.879819206495405,5.708405107141645,0.832909122935104,25.8,7.55,56.34,3.71,100.0,78.01,18.88,82.18,49.4,0.275,0.8288474940199273,5.18036060412721,1.181783929495924,2,4.2603915904349225
C-014,Ganthier,Croix-des-Bouquets,HT0133,1.791759469228055,2.833213344056216,0.0,0.6931471805599453,0.6931471805599453,0.0,11.045861510643107,6.208811329575014,1.2296405510745139,32.13,7.87,39.25,3.39,100.0,64.43,10.22,100.0,49.14,0.334,0.9194837515753872,4.846931311190334,1.5409998335663468,4,5.099495606898796
C-015,Cornillon,Croix-des-Bouquets,HT0134,1.0986122886681096,1.6094379124341003,0.0,0.0,0.6931471805599453,0.0,10.998961588703734,5.412716906856533,0.6259384308664953,21.88,11.04,76.56,3.09,100.0,77.8,3.06,92.26,9.94,0.453,0.2939760244771028,5.594422919182371,0.7748899559131828,3,4.601908132645995
C-016,Fonds-Verrettes,Croix-des-Bouquets,HT0135,1.0986122886681096,2.1972245773362196,0.0,0.0,0.6931471805599453,0.0,10.822713971062377,5.6233313502585744,0.7839015438284094,25.01,6.4,51.23,3.39,98.31,66.52,18.22,70.72,52.05,0.285,0.8633390499740757,5.208466875690596,1.1611471486497522,3,4.643578109084174
C-017,Arcahaie,Arcahaie,HT0141,2.8903717578961645,3.044522437723423,0.0,1.0986122886681096,0.0,0.6931471805599453,11.780055279222779,6.015498406182528,2.6397713603489157,12.89,2.71,48.63,4.64,91.68,71.62,13.0,72.48,42.29,0.886,0.9376588577553208,5.770117099764053,1.4017537896962933,4,3.887037257469349
C-018,Cabaret,Arcahaie,HT0142,2.4849066497880004,3.4965075614664802,0.6931471805599453,0.6931471805599453,1.6094379124341003,0.6931471805599453,11.133230437555632,5.314977807441144,1.007957920399979,15.78,2.83,44.61,3.83,100.0,70.8,14.64,70.65,42.31,0.966,0.9857030085080256,5.82612138275441,2.117375412034111,6,4.395707492610204
C-019,Anse-à-Galets,La Gonâve,HT0151,3.1354942159291497,3.332204510175204,0.6931471805599453,0.0,1.0986122886681096,0.0,11.046276203537067,5.921605228935918,1.2383742310432684,23.38,8.19,57.62,5.08,100.0,72.74,14.09,97.32,42.62,0.289,0.971886013171953,5.133254316730601,2.2291829413626507,4,4.832691122071517
C-020,Pointe-à-Raquette,La Gonâve,HT0152,1.6094379124341003,2.639057329615259,0.0,0.0,0.0,0.0,10.109688383120027,5.763967784302899,0.4510756193602167,29.68,8.78,48.79,4.04,82.54,80.58,13.46,78.98,42.44,0.907,0.7679726595874528,4.361662713582573,2.0689458304319537,2,3.6359467455621295
C-021,Jacmel,Jacmel,HT0211,4.0943445622221,4.663439094112067,1.3862943611198906,1.0986122886681096,2.0794415416798357,1.6094379124341003,12.310279495972122,6.097804582879308,1.55814461804655,29.27,19.01,62.93,3.28,74.26,51.22,3.11,72.52,6.66,0.226,0.4924109656927894,6.216718512986652,2.209305378050796,6,4.413612773657315
C-022,Marigot,Jacmel,HT0212,2.302585092994046,3.044522437723423,0.0,0.0,0.6931471805599453,1.0986122886681096,11.39166137747719,5.237026898104929,1.7227665977411035,29.07,11.35,92.66,3.35,100.0,60.5,2.42,90.97,10.69,0.952,0.2527122681448199,6.162063532785315,1.5287904768541571,4,4.558643404868509
C-023,Cayes-Jacmel,Jacmel,HT0213,1.791759469228055,2.3978952727983707,0.0,0.0,0.0,0.6931471805599453,10.775533773088698,4.3819016268607305,0.6626879730752367,26.14,8.75,66.91,3.12,92.22,69.08,2.95,69.89,8.75,0.727,0.2303543430542489,6.407841545385318,1.4689869065358878,3,4.622632392732895
C-024,La Vallée de Jacmel,Jacmel,HT0214,1.791759469228055,2.302585092994046,0.0,0.0,0.6931471805599453,1.0986122886681096,10.672553564653757,4.451902449584874,0.6312717768418579,23.88,12.76,78.3,3.98,73.07,56.41,3.23,77.42,13.68,0.508,0.0900727626639477,6.234315676696941,1.5972397960450848,4,4.577216801018244
C-025,Bainet,Bainet,HT0221,1.791759469228055,2.995732273553991,0.0,0.0,0.0,0.0,11.540608723070166,5.709101636133801,0.46373401623214017,25.95,10.57,89.51,2.68,98.98,67.61,2.9,75.46,13.62,0.342,0.1181545824173686,5.837738206156185,1.2043209724109984,2,4.4547187797902765
C-026,Côtes-de-Fer,Bainet,HT0222,1.791759469228055,1.791759469228055,0.0,0.0,0.0,0.0,10.969748810986578,5.093934232951563,0.4054651081081644,24.94,13.12,89.04,2.84,89.25,67.95,2.55,63.82,12.41,0.381,0.1262717554098022,5.884735550402139,1.0011818483879342,2,4.523008642840458
C-027,Belle-Anse,Belle-Anse,HT0231,1.0986122886681096,3.091042453358316,0.0,0.0,0.0,0.6931471805599453,11.407964869333728,5.946127165219376,0.7839015438284094,25.28,14.13,87.64,3.24,100.0,86.14,3.46,81.12,10.61,0.844,0.1608041317265507,5.46867172250021,1.2990002258210893,3,4.705989964457453
C-028,Grand-Gosier,Belle-Anse,HT0232,0.6931471805599453,0.0,0.0,0.0,0.0,0.0,9.91447694733573,4.441591872011272,0.7929925155296614,23.26,11.47,81.86,3.91,99.16,73.54,3.33,61.08,9.34,0.749,0.3415924826904055,5.4888239614382535,0.4018317432522682,1,4.278459585272958
C-029,Thiotte,Belle-Anse,HT0233,1.3862943611198906,2.4849066497880004,0.0,0.0,1.0986122886681096,0.6931471805599453,10.630915379572906,4.8467821415853445,1.2267122912954256,21.47,9.99,86.8,4.21,84.51,83.12,2.53,84.07,9.91,0.408,0.4013866743972556,5.795040934943118,1.6305877480275153,4,4.3989373007438894
C-030,Anse-à-Pitre,Belle-Anse,HT0234,0.6931471805599453,1.3862943611198906,0.0,0.0,0.6931471805599453,0.0,10.483661984436106,5.226767657707961,1.6956156086751528,22.41,8.08,69.7,4.59,100.0,75.26,12.09,76.6,54.24,0.227,0.6838436992666406,5.267421899998709,0.8752774484627689,3,4.04368986983588
C-031,Cap-Haïtien,Cap-Haïtien,HT0311,4.68213122712422,4.5217885770490405,2.4849066497880004,1.9459101490553132,1.9459101490553132,0.6931471805599453,12.61654851212696,3.9982007016691985,3.2272407411998283,10.32,3.16,52.76,4.46,86.98,61.62,12.86,77.98,37.64,0.18,0.9938276518543578,8.63704096837747,2.123821704583199,6,5.159240246406571
C-032,Quartier-Morin,Cap-Haïtien,HT0312,0.6931471805599453,2.639057329615259,0.0,0.0,0.0,0.0,10.31088412749404,4.116758157059,0.6981347220709844,35.82,18.77,56.43,3.82,87.9,68.34,3.25,58.57,7.11,0.709,0.4087899657317763,6.212530394770358,1.733038096024162,2,4.493496785767678
C-033,Limonade,Cap-Haïtien,HT0313,1.791759469228055,1.791759469228055,0.0,0.0,0.0,1.0986122886681096,11.01178611079366,4.8895969657192,1.0715836162801904,11.24,2.75,45.67,4.62,86.49,74.33,15.62,72.35,48.49,0.51,0.6818579469488141,6.131900356723848,1.09217618020968,3,4.704379562043796
C-034,Acul-du-Nord,Acul-du-Nord,HT0321,0.0,2.1972245773362196,0.0,0.6931471805599453,0.0,0.0,11.025523356147826,5.233085271610421,1.7422190236679187,22.83,8.78,63.84,3.15,100.0,84.89,16.78,78.62,51.45,0.192,0.5082138030966608,5.800802840129545,0.9023122405790385,2,4.855798877381611
C-035,Plaine-du-Nord,Acul-du-Nord,HT0322,0.6931471805599453,2.833213344056216,0.0,0.0,0.0,0.6931471805599453,10.721658160407951,4.621928969803046,1.7047480922384253,15.14,3.22,44.93,2.99,90.04,65.67,14.27,53.37,52.45,0.576,0.647244407183515,6.111808606827509,1.6036674231898376,3,4.752149297546655
C-036,Milot,Acul-du-Nord,HT0323,1.6094379124341003,1.6094379124341003,0.0,0.6931471805599453,0.6931471805599453,0.6931471805599453,10.467322996615733,4.285515734293038,1.0402767116551463,15.54,2.84,61.65,4.4,100.0,50.44,12.92,81.06,48.54,0.487,0.623239536802572,6.197677189688507,1.4182077558749664,5,4.863963465264323
C-037,Grande-Rivière-du-Nord,Grande-Rivière-du-Nord,HT0331,1.3862943611198906,1.6094379124341003,0.0,0.0,0.0,0.0,10.724236077689795,4.860974519541849,0.6626879730752367,17.32,6.09,57.25,3.23,100.0,53.45,17.07,77.6,49.57,0.67,0.7088220407983628,5.87382866703024,0.9323181082935752,2,4.360295528689311
C-038,Bahon,Grande-Rivière-du-Nord,HT0332,0.6931471805599453,1.3862943611198906,0.0,0.0,0.0,0.0,10.148196881764898,4.348728349272367,0.2151113796169455,23.67,12.61,79.3,3.52,82.69,68.47,2.75,78.3,11.09,0.363,0.3132242405261509,5.815422525705733,0.9423192174270327,2,4.79249530956848
C-039,Saint-Raphaël,Saint-Raphaël,HT0341,1.6094379124341003,3.1354942159291497,0.0,0.0,1.3862943611198906,0.0,10.986275290857266,5.219328270297665,1.0224509277025458,25.23,7.17,67.55,3.87,52.25,46.75,15.42,89.33,28.92,0.59,0.613695243578238,5.775463326076373,1.7767321534240395,3,4.581969120955854
C-040,Dondon,Saint-Raphaël,HT0342,1.0986122886681096,1.3862943611198906,0.0,0.0,0.0,0.0,10.545788707090159,4.798761335040277,0.5596157879354227,23.78,8.36,56.21,3.94,100.0,91.39,11.51,75.08,42.18,0.442,0.624815867003367,5.758436184977569,0.8395114923929226,2,4.680044318601502
C-041,Ranquitte,Saint-Raphaël,HT0343,0.0,1.3862943611198906,0.0,0.0,0.0,0.0,10.323381397296414,4.4146148242670336,0.3784364357202451,28.84,12.07,80.37,4.05,88.23,78.45,2.74,65.19,12.03,0.888,0.4165927386232955,5.923585895868278,0.6859751453655325,1,5.306887532693985
C-042,Pignon,Saint-Raphaël,HT0344,2.0794415416798357,2.833213344056216,0.0,0.0,1.0986122886681096,0.0,10.769137408730304,4.9516634723196855,0.6418538861723948,20.69,5.8,65.6,4.27,80.92,65.13,17.27,81.04,41.15,0.677,0.6579844308857563,5.827499434832481,1.8341539696118558,3,4.628042843232716
C-043,La Victoire,Saint-Raphaël,HT0345,0.6931471805599453,0.6931471805599453,0.0,0.0,0.0,0.6931471805599453,9.357293784932345,3.4766140209469096,0.598836501088704,16.35,8.2,45.04,3.91,84.79,60.02,13.39,100.0,40.86,0.205,0.7822483163529614,5.914696310350402,1.2782152125175987,3,4.951688755878581
C-044,Borgne,Borgne,HT0351,0.0,1.3862943611198906,0.0,0.0,0.0,0.0,11.205367162513655,5.3136492305450185,0.6259384308664953,26.92,12.71,74.95,3.31,87.21,83.1,3.37,61.37,9.41,0.307,0.4094093004910028,5.899385311705372,0.3421955278019556,1,5.256148126965971
C-045,Port-Margot,Borgne,HT0352,1.6094379124341003,2.833213344056216,0.0,0.0,0.6931471805599453,0.6931471805599453,10.911445472936107,4.837788707664819,1.1631508098056809,21.7,8.87,64.99,3.86,100.0,59.97,9.76,74.93,35.69,0.353,0.7107611452763737,6.083876566489701,1.6123679757190965,4,4.979011448300927
C-046,Limbé,Limbé,HT0361,2.5649493574615367,2.5649493574615367,1.0986122886681096,0.0,1.0986122886681096,0.0,11.448045552231843,4.842611042003125,1.534714366238164,17.37,8.24,58.37,3.46,95.23,61.0,13.74,69.78,53.58,0.966,0.8758709732492505,6.614682976638037,1.383219223608364,4,5.302234794908062
C-047,Bas-Limbé,Limbé,HT0362,1.0986122886681096,1.0986122886681096,0.0,0.0,0.0,0.0,10.041595954653758,3.987872317711584,0.412109650826833,23.04,5.7,70.52,3.69,100.0,63.73,14.61,65.33,53.81,0.686,0.7089848003135752,6.074696201472333,1.0087183625735077,2,5.151671527933588
C-048,Plaisance,Plaisance,HT0371,1.6094379124341003,2.302585092994046,0.0,0.0,0.0,0.6931471805599453,11.244366050125537,4.808274281964574,1.1969481893889715,27.96,9.65,44.14,5.29,99.89,73.23,18.92,87.87,41.98,0.457,0.5692178895182283,6.44586244691403,1.040748023507174,3,5.190236947518501
C-049,Pilate,Plaisance,HT0372,2.0794415416798357,1.791759469228055,0.0,0.0,0.6931471805599453,0.6931471805599453,10.991763269102854,4.802380355275797,0.5709795465857378,19.45,12.53,58.45,3.65,88.69,78.7,2.47,72.13,11.46,0.454,0.3590818766629618,6.199642363749304,1.2112314324980364,4,4.876971090670171
C-050,Fort-Liberté,Fort-Liberté,HT0411,2.0794415416798357,2.302585092994046,0.6931471805599453,0.6931471805599453,0.6931471805599453,0.6931471805599453,10.536513109754692,5.4859580848195915,1.47932922708708,18.64,2.46,55.33,4.41,88.5,78.99,16.51,100.0,35.82,0.249,0.9200053099694676,5.061040785369434,1.8421308378212187,6,4.487668295007745
C-051,Ferrier,Fort-Liberté,HT0412,0.6931471805599453,1.0986122886681096,0.0,0.0,0.0,0.6931471805599453,9.681343501555002,4.2626798770413155,0.7323678937132266,20.63,7.14,65.31,3.4,100.0,83.29,17.38,97.12,46.05,0.405,0.8351545426162972,5.4371471976237675,1.252093728949565,3,4.158660088288756
C-052,Perches,Fort-Liberté,HT0413,1.0986122886681096,1.3862943611198906,0.0,0.0,0.0,0.6931471805599453,9.444700778495557,3.7047528032702264,1.0612565021243408,23.91,8.38,56.12,4.38,100.0,72.01,13.38,100.0,53.09,0.183,0.8168512658227848,5.767914126959201,1.7486493455743264,3,4.951037994516256
C-053,Ouanaminthe,Ouanaminthe,HT0421,2.0794415416798357,2.70805020110221,1.6094379124341003,0.6931471805599453,1.3862943611198906,0.0,11.662095188979048,5.2986173215570345,1.420695787837223,11.28,3.31,52.58,4.6,100.0,77.26,14.16,83.07,32.37,0.392,0.8657633134055787,6.370193582559991,1.2522336640997547,5,4.878998024629093
C-054,Capotille,Ouanaminthe,HT0422,0.6931471805599453,0.6931471805599453,0.0,0.0,0.0,0.0,9.961850795833042,4.244056835450428,0.2776317365982795,24.15,10.94,87.05,3.96,89.35,64.75,3.06,67.26,11.77,0.76,0.1873496533182397,5.735434705344183,0.6644141775287574,2,5.305555555555555
C-055,Mont-Organisé,Ouanaminthe,HT0423,1.3862943611198906,1.0986122886681096,0.0,0.0,0.6931471805599453,0.0,10.040724570841213,4.559021529962111,0.6151856390902335,23.52,13.26,68.74,3.66,95.44,52.33,2.33,56.35,11.89,0.477,0.4864216904232596,5.496297340326663,1.2852038089239621,3,4.878987664823479
C-056,Trou-du-Nord,Trou-du-Nord,HT0431,2.302585092994046,2.639057329615259,0.0,0.0,1.0986122886681096,0.0,10.887904113457884,4.881209746655798,1.332366019094335,10.72,2.19,44.34,4.77,100.0,60.26,13.98,92.78,45.32,0.701,0.791532770346013,6.016733042958182,1.7018292562028972,3,4.881794965341117
C-057,Sainte-Suzanne,Trou-du-Nord,HT0432,0.6931471805599453,0.6931471805599453,0.0,0.0,0.0,0.0,10.330681536107859,4.859114486455013,0.7323678937132266,34.17,9.95,80.53,4.23,87.64,63.29,3.57,71.24,13.71,0.21,0.2331854654576293,5.483485505147701,0.5022035251715022,2,4.682040317654246
C-058,Terrier-Rouge,Trou-du-Nord,HT0433,1.0986122886681096,1.6094379124341003,0.0,0.0,0.0,0.6931471805599453,10.4093709837628,5.148772729268019,1.4678743481123135,21.85,5.59,65.64,3.96,77.17,65.17,16.18,92.21,54.83,0.701,0.9302641099855282,5.271540481395835,1.1347731717506846,3,4.467672413793103
C-059,Caracol,Trou-du-Nord,HT0434,0.6931471805599453,1.6094379124341003,0.6931471805599453,1.0986122886681096,0.0,0.0,9.040382074165628,4.3295484280286765,0.1906203596086497,21.85,7.01,47.69,3.73,81.75,61.64,14.65,69.65,40.53,0.156,0.7023470839260313,4.732816755910677,2.349770863946445,4,4.020972354623451
C-060,Vallières,Vallières,HT0441,0.6931471805599453,0.6931471805599453,0.0,0.0,0.0,0.0,10.155956869232165,5.07179310707435,0.8285518175661483,27.49,14.47,75.98,4.03,89.64,67.02,3.05,73.69,12.11,0.689,0.4030998718098124,5.096552421218139,0.5748760290574256,2,5.28169881001231
C-061,Carice,Vallières,HT0442,1.0986122886681096,0.6931471805599453,0.0,0.0,0.0,0.6931471805599453,9.608646582885868,4.042524813492304,0.6575200029167942,30.02,10.6,55.68,3.28,100.0,78.7,16.31,86.59,42.53,0.844,0.6288611334944937,5.58751495074264,1.3045434623969163,3,4.796135265700483
C-062,Mombin-Crochu,Vallières,HT0443,0.6931471805599453,1.3862943611198906,0.0,0.0,0.0,0.6931471805599453,10.544209219042303,5.260148100430533,1.1085626195212777,28.06,12.22,83.21,3.17,100.0,90.52,3.35,71.46,9.96,0.93,0.3912161450100116,5.294275739327764,0.8404090953250121,3,4.877409406322283
C-063,Gonaïves,Gonaïves,HT0511,4.727387818712341,4.406719247264253,1.9459101490553132,1.791759469228055,1.9459101490553132,1.3862943611198906,12.876907752766403,6.35363933911728,2.7781979610042917,11.31,2.71,49.54,4.1,74.88,49.66,13.75,75.39,43.71,0.162,0.9169958049251864,6.526473008948687,1.863329631021635,6,4.9543790766892535
C-064,Ennery,Gonaïves,HT0512,0.6931471805599453,2.0794415416798357,0.0,0.0,0.0,0.0,10.937152347559921,5.383990348286186,0.43178241642553783,24.77,11.41,71.89,2.62,84.67,58.09,3.69,82.49,12.11,0.839,0.2618895173051613,5.56159429690059,0.8849359878689533,2,4.219270598829356
C-065,Estère,Gonaïves,HT0513,1.9459101490553132,2.1972245773362196,0.0,0.0,0.6931471805599453,0.0,10.811201609659424,5.177504746331289,0.8372475245337022,16.94,8.68,68.63,4.27,88.01,63.45,17.96,100.0,43.37,0.335,0.751755022996853,5.642883662582452,1.3927489152733754,3,3.594778825235678
C-066,Gros-Morne,Gros-Morne,HT0521,2.302585092994046,2.5649493574615367,0.0,0.0,1.0986122886681096,1.3862943611198906,12.048868976737841,5.986527379328165,1.1378330018213911,27.25,9.03,71.97,3.04,100.0,80.27,3.3,58.34,9.55,0.749,0.4809455545478482,6.0671716902137796,0.9247798016058635,4,4.692742799088388
C-067,Terre-Neuve,Gros-Morne,HT0522,0.6931471805599453,1.0986122886681096,0.0,0.0,0.0,0.0,10.443075544969771,5.180828037755569,0.10436001532424277,18.11,10.79,74.87,3.3,85.63,69.79,2.62,77.56,10.24,0.181,0.1365690132633726,5.272998978548295,0.628346272575196,2,4.418469860896445
C-068,Anse-Rouge,Gros-Morne,HT0523,1.0986122886681096,1.791759469228055,0.0,0.0,0.0,0.6931471805599453,10.771365049194207,6.076150305274624,0.9555114450274365,20.76,9.84,44.0,3.68,87.01,64.18,12.7,47.74,39.13,0.844,0.6205810731379628,4.706570181204041,0.9855936848747291,3,4.304717151635641
C-069,Saint-Marc,Saint-Marc,HT0531,4.356708826689592,4.382026634673881,1.6094379124341003,1.3862943611198906,2.1972245773362196,1.6094379124341003,12.586961550938739,6.323570120861685,2.5006159434931803,13.79,2.53,44.29,4.15,74.09,74.2,14.27,92.42,36.69,0.951,0.8120020770986212,6.267082712887594,1.942832718214897,6,4.636938235620257
C-070,Verrettes,Saint-Marc,HT0532,2.1972245773362196,2.833213344056216,0.0,0.0,0.0,1.3862943611198906,11.976445621858101,5.879750557477981,1.8870696490323797,14.72,2.66,53.44,3.92,100.0,76.61,15.14,60.44,43.98,0.435,0.5882489856257667,6.101729672800585,0.992691278315357,3,3.858280138831582
C-071,La Chapelle,Saint-Marc,HT0533,1.0986122886681096,1.0986122886681096,0.0,0.0,0.0,0.0,10.452648882567692,4.973971309724664,1.3402504226184837,23.06,11.82,82.07,3.51,90.75,71.8,2.2,64.49,11.69,0.595,0.4304027717626678,5.489725877464999,0.7677448346106347,2,4.033422615581693
C-072,Dessalines,Dessalines,HT0541,2.302585092994046,3.044522437723423,0.0,0.0,0.6931471805599453,1.0986122886681096,12.204461348087397,6.163925144055061,1.169381359556317,39.05,20.54,84.91,3.84,84.78,58.8,3.22,56.21,12.62,0.425,0.3863489535599994,6.045009860607101,0.9565064037036054,4,4.261321439241965
C-073,Petite-Rivière-de-l'Artibonite,Dessalines,HT0542,2.0794415416798357,2.639057329615259,0.0,0.0,1.3862943611198906,1.0986122886681096,12.141128708889509,6.229910418430634,1.6486586255873816,26.16,7.34,62.58,3.55,89.38,74.92,17.9,81.28,36.6,0.683,0.531183472679447,5.915884441090861,0.8475325959107014,4,4.00262680192205
C-074,Grande-Saline,Dessalines,HT0543,0.6931471805599453,0.6931471805599453,0.0,0.0,0.0,0.0,10.146629790357027,3.9697257155564354,0.23111172096338664,26.32,11.94,100.0,3.14,100.0,69.48,3.26,78.81,10.05,0.378,0.443616687578419,6.197959598808566,0.5789649315729711,2,4.308108108108108
C-075,Desdunes,Dessalines,HT0544,1.9459101490553132,1.9459101490553132,0.0,0.0,0.0,0.6931471805599453,10.612655709150252,4.610058220060868,1.9629077254238845,19.25,8.84,51.32,4.42,78.98,69.4,13.48,60.6,51.79,0.455,0.9626522327469552,6.015018758201479,1.4347095479886325,3,3.637461965276535
C-076,Saint-Michel-de-l'Attalaye,Marmelade,HT0551,1.9459101490553132,2.995732273553991,0.0,0.0,1.0986122886681096,0.6931471805599453,12.015057407967486,6.421199414188885,2.135349173618132,30.12,15.27,59.28,2.43,81.26,66.47,2.64,66.23,10.73,0.326,0.4960023725510371,5.599187703718273,0.9912792036636996,4,4.450571059153108
C-077,Marmelade,Marmelade,HT0552,0.6931471805599453,0.6931471805599453,0.0,0.0,0.6931471805599453,0.6931471805599453,10.64007729093891,4.699934762432514,0.7419373447293773,21.11,11.58,65.96,3.44,100.0,81.99,3.13,64.61,11.05,0.435,0.4917773788150807,5.951860466922864,0.6716734989429902,4,5.04833836858006
C-078,Hinche,Hinche,HT0611,2.3978952727983707,3.7376696182833684,1.6094379124341003,1.0986122886681096,1.791759469228055,1.3862943611198906,11.835385704757885,6.379105070303594,1.7316555451583495,17.4,2.98,44.36,3.84,95.07,69.51,14.66,100.0,40.9,0.815,0.5430311986150046,5.462224607897503,1.7419396264735694,6,4.588088670278175
C-079,Maïssade,Hinche,HT0612,0.6931471805599453,2.302585092994046,0.0,0.0,0.6931471805599453,0.6931471805599453,11.117153228832963,5.66791347157529,2.157559320943788,31.28,14.5,66.86,3.77,100.0,83.19,3.2,74.53,12.87,0.705,0.4645621332541038,5.456961578196552,1.0234085972366311,4,4.62741458720011
C-080,Thomonde,Hinche,HT0613,1.791759469228055,2.70805020110221,0.0,0.0,0.6931471805599453,0.6931471805599453,11.165677376847421,5.888628619771381,1.8794650496471605,25.85,10.83,79.4,2.78,98.6,86.43,3.27,57.64,12.93,0.53,0.3594293962808865,5.284889699773223,1.3792431522701345,4,4.669089467424342
C-081,Cerca-Carvajal,Hinche,HT0614,1.0986122886681096,1.791759469228055,0.0,0.0,0.0,0.0,10.187236901960196,5.05999672363398,0.8064758658669485,27.72,9.46,93.01,3.28,92.51,76.96,3.49,65.05,12.84,0.399,0.4470464214449757,5.139446504414673,1.290730958488952,2,5.419506223219751
C-082,Mirebalais,Mirebalais,HT0621,2.70805020110221,3.367295829986474,0.6931471805599453,0.6931471805599453,1.791759469228055,1.3862943611198906,11.623169039068987,5.804743325969341,1.1314021114911006,17.09,20.44,95.89,3.81,89.09,61.91,2.49,86.34,11.04,0.814,0.3780428824762212,5.824393502879973,1.7329369719897638,6,4.194837885561859
C-083,Saut-d'Eau,Mirebalais,HT0622,1.6094379124341003,1.9459101490553132,0.0,0.0,0.6931471805599453,0.6931471805599453,10.705870231302164,5.195232038464711,1.1474024528375417,23.3,13.7,84.22,4.12,100.0,83.24,3.1,77.5,9.56,0.187,0.2827461000537923,5.520187268365732,1.3055229497778773,4,4.325770796974986
C-084,Boucan-Carré,Mirebalais,HT0623,0.6931471805599453,1.9459101490553132,0.0,0.0,0.6931471805599453,0.0,11.06637270205724,5.871074992430395,1.6882490928583902,27.97,12.44,100.0,3.73,100.0,77.03,2.84,60.36,14.18,0.86,0.1556218936575912,5.203617709269967,0.8110864979613762,3,4.227699220298665
C-085,Lascahobas,Lascahobas,HT0631,2.3978952727983707,3.044522437723423,0.0,0.0,0.6931471805599453,1.3862943611198906,10.866604616761784,5.028344227877029,0.6151856390902335,27.33,11.63,74.11,2.92,100.0,100.0,2.96,67.2,12.41,0.324,0.425738606000458,5.847703188393748,2.013441281423931,4,4.69666547149516
C-086,Belladère,Lascahobas,HT0632,1.3862943611198906,0.6931471805599453,0.0,0.0,0.6931471805599453,0.0,11.50203639363806,5.695918299599399,1.4398351280479205,19.61,9.24,59.13,3.29,76.46,75.35,3.39,67.53,10.25,0.744,0.3621962068826074,5.812467812599598,0.4091113834655954,3,4.696420093058589
C-087,Savanette,Lascahobas,HT0633,0.6931471805599453,1.3862943611198906,0.0,0.0,0.0,0.6931471805599453,10.62975514642929,5.169517619156448,0.7561219797213337,22.94,11.7,90.67,4.02,100.0,79.54,3.44,64.35,13.35,0.937,0.2808736032506167,5.470136434796497,0.7926788126321891,3,4.360472474161569
C-088,Cerca-la-Source,Cerca-la-Source,HT0641,0.0,2.3978952727983707,0.0,0.0,0.0,0.0,11.075474211004208,5.846438775057724,0.8109302162163288,14.87,13.98,56.71,2.91,88.01,75.14,3.63,52.04,10.12,0.392,0.2860904177056391,5.237243368414869,0.9356143377621016,1,5.083215241694221
C-089,Thomassique,Cerca-la-Source,HT0642,1.3862943611198906,2.302585092994046,0.0,0.0,0.6931471805599453,0.0,11.187403059535267,5.572192054268604,1.0508216248317612,25.49,9.62,69.43,3.51,82.47,70.93,3.19,62.88,13.33,0.782,0.419641620738361,5.622628218561047,1.029692609648697,3,5.005128915996673
C-090,Les Cayes,Les Cayes,HT0711,3.784189633918261,4.59511985013459,1.791759469228055,1.3862943611198906,1.9459101490553132,2.0794415416798357,12.140162517503127,5.394127421394012,2.5265283244788197,9.9,2.89,53.47,4.12,91.61,64.4,14.75,100.0,51.31,0.548,0.820115145106333,6.75175280272656,2.2671553074024464,6,4.833548453714699
C-091,Torbeck,Les Cayes,HT0712,0.6931471805599453,2.4849066497880004,0.0,0.0,0.0,0.0,11.448802857328648,5.249547202178607,1.5706970841176697,28.07,11.11,77.1,3.34,100.0,75.18,2.89,66.0,9.48,0.994,0.196304431270525,6.2065269800259575,0.8239479537355615,2,4.961540496217531
C-092,Chantal,Les Cayes,HT0713,0.6931471805599453,0.6931471805599453,0.0,0.0,0.0,0.0,10.646852449256691,5.083637893645957,1.358409157630355,28.26,10.57,76.06,4.99,100.0,77.63,2.22,68.92,11.96,0.626,0.3239734658455978,5.573212874820548,0.3890121510186185,2,4.799064354176175
C-093,Camp-Perrin,Les Cayes,HT0714,1.0986122886681096,2.8903717578961645,0.0,0.0,0.6931471805599453,1.3862943611198906,10.924570638695,4.903569621781068,1.3190856114264407,22.29,12.24,64.43,3.33,89.44,84.47,3.6,71.48,12.29,0.223,0.288114835293482,6.030837095186625,1.6375252369506976,4,4.853409090909091
C-094,Maniche,Les Cayes,HT0715,0.6931471805599453,1.0986122886681096,0.0,0.0,0.0,0.6931471805599453,10.291942131810886,4.83477283236304,0.31481073984003355,25.88,12.58,78.17,3.79,100.0,75.34,2.86,93.29,15.31,0.159,0.1356593089885735,5.469338567628616,0.8570730810208472,3,4.4591775022679165
C-095,Île-à-Vache,Les Cayes,HT0716,0.6931471805599453,1.0986122886681096,0.0,0.0,0.0,0.0,9.850824899952823,3.849296175519841,0.832909122935104,23.22,12.57,90.09,3.14,94.95,67.0,3.23,70.09,9.78,0.286,0.338059347493807,6.025420202338896,0.9482522099529311,2,5.526653073113895
C-096,Port-Salut,Port-Salut,HT0721,1.0986122886681096,2.302585092994046,0.0,0.0,0.0,0.6931471805599453,10.066498860795583,3.9078141606540915,1.355835153635182,24.87,10.07,78.53,3.83,85.01,68.47,3.31,81.49,13.36,0.818,0.3138062871707731,6.181001504337719,1.8079126401697951,3,4.721219414360209
C-097,Saint-Jean-du-Sud,Port-Salut,HT0722,0.6931471805599453,1.791759469228055,0.0,0.0,0.0,0.0,10.357584082056029,4.252629541187814,0.26236426446749106,19.87,8.89,68.55,4.01,83.12,57.71,2.44,63.72,11.03,0.895,0.1336445037149933,6.121449419768158,1.0664763448627124,2,4.792877796378025
C-098,Arniquet,Port-Salut,HT0723,0.6931471805599453,0.0,0.0,0.0,0.0,0.6931471805599453,10.48993999442511,4.099166252501314,0.5306282510621704,26.24,12.26,63.65,3.24,98.72,89.94,2.58,67.28,8.95,0.976,0.187171427776696,6.409119352209739,0.4423194075073259,2,4.888632036986674
C-099,Aquin,Aquin,HT0731,3.6635616461296463,3.8501476017100584,0.0,0.0,1.3862943611198906,0.0,11.764026537159008,6.460827346065843,1.5933085305042167,23.97,18.21,68.44,3.84,92.84,61.56,3.7,70.13,10.8,0.797,0.3357553503496884,5.309711747014135,2.0500337378162916,3,4.465003994581264
C-100,Saint-Louis-du-Sud,Aquin,HT0732,1.791759469228055,2.4849066497880004,0.0,0.0,0.0,0.6931471805599453,11.29083136279159,5.2295566109772444,0.49469624183610705,17.41,15.05,82.91,3.07,73.81,82.45,3.13,61.87,11.0,0.497,0.1511431889414732,6.068948843030344,1.138729265919717,3,5.007065149431036
C-101,Cavaillon,Aquin,HT0733,1.6094379124341003,2.639057329615259,0.0,0.0,0.0,0.6931471805599453,11.002316484402073,5.375139509149321,0.3920420877760237,23.56,15.14,82.34,2.94,100.0,74.99,2.74,67.86,9.25,0.663,0.1390721855628874,5.635377054108373,1.386144379867266,3,4.288102893890676
C-102,Côteaux,Côteaux,HT0741,1.0986122886681096,1.6094379124341003,0.0,0.0,0.6931471805599453,0.6931471805599453,10.17587830641895,4.3222766302681075,0.9202827531436926,22.85,10.52,50.86,4.39,86.3,75.28,14.72,95.19,43.97,0.54,0.6117817295609459,5.869749638991697,1.3978133829767436,4,4.664476021314387
C-103,Port-à-Piment,Côteaux,HT0742,0.6931471805599453,1.0986122886681096,0.0,0.0,0.0,1.0986122886681096,10.057795362874884,4.1154535254323354,1.4770487243883548,24.56,6.96,38.63,3.48,100.0,70.73,17.44,73.92,48.03,0.936,0.72617415152554,5.961331940590761,1.1450543880940542,3,5.028226675285499
C-104,Roche-à-Bateau,Côteaux,HT0743,0.6931471805599453,1.6094379124341003,0.0,0.0,0.0,0.0,10.029062375444195,3.861571461932048,0.6780335427498971,21.66,12.81,83.23,2.26,73.43,63.49,3.42,70.0,11.39,0.66,0.4366923925027563,6.190756494354008,1.1647344504437391,2,5.128930106310789
C-105,Chardonnières,Chardonnières,HT0751,0.6931471805599453,2.3978952727983707,0.0,0.0,0.0,0.6931471805599453,10.344995251991222,4.771023550074739,1.169381359556317,30.28,9.16,50.02,4.81,90.48,61.54,11.7,92.93,38.59,0.243,0.6163665594855305,5.5862036218441276,1.5807340500935054,3,5.117656738522297
C-106,Les Anglais,Chardonnières,HT0752,0.6931471805599453,1.3862943611198906,0.0,0.0,0.0,0.0,10.514448062108126,4.779459571084781,0.9162907318741551,24.17,9.02,63.77,3.34,83.24,90.67,18.68,73.61,41.06,0.728,0.6049724506690551,5.74659611381314,0.7350987380074125,2,5.480142793395806
C-107,Tiburon,Chardonnières,HT0753,0.6931471805599453,0.6931471805599453,0.0,0.0,0.0,0.0,10.264373617246324,4.998630186968824,1.1410330045520618,24.42,7.67,51.24,3.66,79.39,73.23,17.17,97.8,41.97,0.683,0.6897633404203408,5.277596384128552,0.5289107233457417,2,4.968998960859024
C-108,Jérémie,Jérémie,HT0811,2.4849066497880004,3.8066624897703196,1.3862943611198906,0.6931471805599453,1.3862943611198906,0.6931471805599453,12.005986223791327,6.059637082211031,1.851599469584072,14.21,3.58,42.25,5.15,87.14,78.31,14.66,84.92,43.37,0.764,0.5810567333003525,5.951286894796304,1.5785197756635856,6,4.751610656451332
C-109,Abricots,Jérémie,HT0812,0.6931471805599453,1.791759469228055,0.0,0.0,0.0,0.6931471805599453,10.7343293225778,4.64333264708244,0.13976194237515868,27.61,11.8,80.1,3.47,100.0,86.96,2.46,68.27,12.83,0.328,0.0882493900313698,6.102885990475913,0.9262100030219392,3,5.198052315706035
C-110,Bonbon,Jérémie,HT0813,0.6931471805599453,0.6931471805599453,0.0,0.0,0.0,0.0,9.257987025443535,3.492864570187979,0.35065687161316933,26.07,12.03,100.0,3.46,95.0,67.56,3.47,48.91,11.45,0.484,0.3943930580718985,5.798948162823678,1.0671639683912848,2,4.632067137809187
C-111,Moron,Jérémie,HT0814,0.6931471805599453,1.0986122886681096,0.0,0.0,0.0,0.0,10.544472640359878,5.214392131610276,0.6151856390902335,25.59,9.08,87.1,2.9,81.96,76.57,3.21,66.08,8.69,0.93,0.2574408681451825,5.340312647348319,0.5823165577660743,2,5.041965471447544
C-112,Chambellan,Jérémie,HT0815,0.6931471805599453,1.791759469228055,0.0,0.0,0.0,0.0,10.381335335804913,4.305820308668628,0.1906203596086497,26.65,12.94,79.9,2.68,67.49,72.49,2.34,73.9,10.07,0.906,0.3577253418498651,6.091330609841874,1.050964072457295,2,5.309680605861047
C-113,Anse-d'Hainault,Anse-d'Hainault,HT0821,1.3862943611198906,2.0794415416798357,0.0,0.0,0.6931471805599453,1.0986122886681096,10.699980720954688,4.5541926312232235,0.8712933659434192,17.14,7.78,60.91,3.71,68.99,59.5,14.48,100.0,43.05,0.625,0.6196058980024349,6.158462040210861,1.3688848188699783,4,5.087051267347173
C-114,Dame-Marie,Anse-d'Hainault,HT0822,1.791759469228055,1.6094379124341003,0.0,0.0,0.0,0.6931471805599453,10.762721041922928,4.636281181013144,1.0508216248317612,17.27,8.66,42.62,4.01,85.52,70.0,22.03,91.16,49.08,0.181,0.52458391563969,6.138320534443138,1.1370242327438718,3,4.833282161498311
C-115,Les Irois,Anse-d'Hainault,HT0823,1.0986122886681096,1.3862943611198906,0.0,0.0,0.0,0.0,10.256641304347884,4.877713239597068,1.0715836162801904,23.33,8.39,48.07,3.97,84.16,78.35,15.04,98.19,50.18,0.178,0.5953284158763611,5.391103839660286,1.0138654848494357,2,4.866666666666666
C-116,Corail,Corail,HT0831,1.0986122886681096,2.1972245773362196,0.0,0.0,0.0,0.0,10.079204010277946,4.696015869287668,0.4252677354043441,30.86,20.23,48.56,3.59,90.84,61.98,2.67,57.3,13.93,0.67,0.4360555345832809,5.396860808707463,1.6475916971180635,2,4.473822480765622
C-117,Roseaux,Corail,HT0832,0.6931471805599453,2.4849066497880004,0.0,0.0,0.0,0.0,10.681986400195576,5.383623123127137,1.1537315878891892,26.09,11.72,98.62,3.56,61.3,68.49,2.55,68.67,11.22,0.956,0.1404632371507931,5.307906637223213,1.3229900710044042,2,4.121381267738884
C-118,Beaumont,Corail,HT0833,1.0986122886681096,2.1972245773362196,0.0,0.0,0.6931471805599453,0.6931471805599453,10.55810178337929,5.052033122792184,0.9202827531436926,24.07,13.19,96.24,2.57,91.72,70.13,3.8,82.82,12.26,0.658,0.3792709226492062,5.5164875825075415,1.4153520490908413,4,4.456577119036591
C-119,Pestel,Corail,HT0834,1.0986122886681096,2.8903717578961645,0.0,0.0,0.0,0.6931471805599453,10.904266480855474,5.6621615499651,0.2546422183735807,26.09,11.45,82.91,3.8,100.0,94.8,3.38,60.68,8.6,0.546,0.2714356608524638,5.250824587212788,1.5424425247563087,3,4.497189618118697
C-120,Port-de-Paix,Port-de-Paix,HT0911,3.58351893845611,4.110873864173311,1.6094379124341003,0.6931471805599453,1.6094379124341003,1.3862943611198906,12.315258833961039,5.865759590732924,2.1770218700187,19.19,6.33,58.97,3.89,100.0,52.19,18.17,96.16,44.71,0.588,0.8188306070210201,6.453909251310751,1.7572777628766414,6,4.94213173228172
C-121,La Tortue,Port-de-Paix,HT0912,1.6094379124341003,2.1972245773362196,0.0,0.0,0.0,0.0,10.65737699505146,5.198165484597595,1.5769147207285403,23.96,12.81,60.08,4.6,66.57,77.42,3.11,77.7,9.23,0.444,0.168266516092603,5.468954554067552,1.341104427702812,2,5.0300591715976335
C-122,Bassin-Bleu,Port-de-Paix,HT0913,1.0986122886681096,2.0794415416798357,0.0,0.0,0.0,0.0,11.147411572364291,5.374491060770879,1.0260415958332743,19.17,10.37,75.72,3.55,81.82,69.26,3.56,72.88,10.9,0.925,0.2767536716486747,5.780641649988584,0.8316682299977269,2,5.103192115328038
C-123,Chansolme,Port-de-Paix,HT0914,1.0986122886681096,1.3862943611198906,0.0,0.0,0.0,0.0,10.410485861467732,3.9924963895780228,0.5247285289349821,25.39,9.46,99.35,3.05,81.08,65.08,2.62,66.55,16.0,0.342,0.2393615419364553,6.438185922788494,0.9186069751826306,2,5.042520880789674
C-124,Saint-Louis-du-Nord,Saint-Louis-du-Nord,HT0921,2.302585092994046,3.258096538021482,0.0,0.0,0.0,1.0986122886681096,11.753869640909945,4.841032509710076,1.3635373739972745,16.95,6.86,58.94,3.77,95.03,69.0,15.37,71.57,43.91,0.22,0.6135770645374241,6.921746121087839,1.3426585212627071,3,5.349758250998528
C-125,Anse-à-Foleur,Saint-Louis-du-Nord,HT0922,1.3862943611198906,1.3862943611198906,0.0,0.0,0.0,0.0,10.405655809210936,4.145354483129846,0.44468582126144574,25.25,12.3,71.67,3.38,75.98,79.21,3.13,88.64,9.57,0.258,0.4841277046451808,6.278114344107991,1.0352129781707744,2,5.200661000944287
C-126,Môle-Saint-Nicolas,Môle-Saint-Nicolas,HT0931,1.3862943611198906,1.791759469228055,0.0,0.0,0.0,0.6931471805599453,10.519483673907658,5.429652599378058,0.3784364357202451,18.71,11.63,57.65,3.78,100.0,79.82,3.62,76.63,11.67,0.358,0.3012773771908504,5.100311823563253,1.232714017418299,3,5.113090306545153
C-127,Baie-de-Henne,Môle-Saint-Nicolas,HT0932,1.0986122886681096,1.0986122886681096,0.0,0.0,0.0,1.0986122886681096,10.303437479956182,5.321643191851534,0.5481214085096876,22.62,8.03,94.51,3.56,93.61,74.01,3.14,73.58,10.15,0.874,0.2499162029898773,4.99346270217961,1.1023148400719451,3,4.81038374717833
C-128,Bombardopolis,Môle-Saint-Nicolas,HT0933,1.791759469228055,1.6094379124341003,0.0,0.0,0.0,0.0,10.5814703325763,5.285789215970766,0.3293037471426004,27.22,11.12,77.48,2.88,91.28,83.8,2.72,65.67,9.41,0.539,0.2472269462141787,5.305707174322756,1.1891955265992882,2,4.369191527115449
C-129,Jean-Rabel,Môle-Saint-Nicolas,HT0934,2.4849066497880004,3.1354942159291497,0.0,0.0,0.6931471805599453,1.6094379124341003,11.997201753502683,6.192628302814133,1.0367368849500223,24.82,13.87,57.67,2.68,100.0,85.7,3.03,70.4,14.47,0.464,0.2323859050271412,5.809616911552249,1.2063771967754153,4,4.795219523725108
C-130,Miragoâne,Miragoâne,HT1011,2.833213344056216,3.258096538021482,0.6931471805599453,1.0986122886681096,1.0986122886681096,0.0,11.206508994462197,5.230413187934164,1.5644405465033646,10.39,2.8,42.72,4.29,93.77,75.2,11.23,86.08,48.72,0.779,0.5018680288559512,5.983969888834893,1.9809194830482102,5,4.063990724381625
C-131,Petite-Rivière-de-Nippes,Miragoâne,HT1012,1.3862943611198906,2.3978952727983707,0.0,0.0,0.6931471805599453,0.6931471805599453,10.422162291245519,4.550714000192032,0.9932517730102834,21.58,11.51,63.3,4.29,98.58,66.1,1.96,74.2,11.57,0.268,0.3159696383390385,5.884819559293881,1.6983549983279802,4,4.314241684859381
C-132,Fonds-des-Nègres,Miragoâne,HT1013,1.0986122886681096,2.995732273553991,0.6931471805599453,0.0,1.0986122886681096,1.0986122886681096,10.57999709194305,4.535069558308602,1.4724720573609429,18.6,13.65,76.75,3.59,82.53,77.34,3.37,77.71,10.35,0.589,0.3609649457281578,6.058027963659444,2.0293603171951884,5,4.325819221464702
C-133,Paillant,Miragoâne,HT1014,1.0986122886681096,3.091042453358316,1.3862943611198906,0.0,1.0986122886681096,0.6931471805599453,9.923486239042818,4.163092959383195,1.0260415958332743,17.9,13.21,80.74,3.98,73.88,77.39,2.83,61.78,10.49,0.435,0.1736999460863598,5.7791221610130235,2.722189504349201,5,4.447035745422842
C-134,Anse-à-Veau,Anse-à-Veau,HT1021,1.0986122886681096,1.6094379124341003,0.0,0.0,0.0,0.0,10.614597433470246,4.646599995751231,2.454447442303292,32.36,22.72,72.02,4.46,85.39,58.8,2.88,54.6,13.55,0.721,0.3955161575483744,5.980145031261893,0.9055665037613368,2,4.166990688631945
C-135,Petit-Trou-de-Nippes,Anse-à-Veau,HT1022,1.0986122886681096,1.6094379124341003,0.0,0.0,0.0,0.0,10.47081637553585,5.038185608183261,2.968361076757859,25.58,4.73,64.54,3.95,100.0,55.05,16.87,85.06,43.93,0.635,0.505585483413666,5.443442988368672,0.9936822214707274,2,4.151365348399247
C-136,L'Asile,Anse-à-Veau,HT1023,2.3978952727983707,2.5649493574615367,0.0,0.0,0.0,0.6931471805599453,10.785869836159096,5.0422631517765675,2.3988039507345884,25.59,14.87,79.23,3.12,100.0,50.15,3.63,51.65,5.91,0.429,0.2335305801539352,5.753243575413873,1.7507207785870484,3,4.420340223157124
C-137,Arnaud,Anse-à-Veau,HT1024,0.6931471805599453,2.0794415416798357,0.0,0.0,0.0,0.0,10.101395343782077,4.360419880919823,1.358409157630355,26.17,12.93,90.78,3.65,96.83,72.75,3.24,66.6,14.99,0.503,0.3059156547423695,5.756955465059008,1.454400722280039,2,4.103703703703704
C-138,Plaisance-du-Sud,Anse-à-Veau,HT1025,0.0,1.0986122886681096,0.0,0.0,0.0,0.0,10.374896443938328,4.691072614988795,2.224623551524334,23.96,16.16,74.1,4.19,79.38,75.22,3.87,64.65,11.3,0.399,0.2748720509299713,5.696375592301625,0.48497955628835915,1,4.069596139192279
C-139,Baradères,Baradères,HT1031,0.6931471805599453,1.6094379124341003,0.0,0.0,0.0,0.0,10.789545855333118,5.266362195306486,1.5195132049061133,23.02,10.42,100.0,3.83,100.0,59.24,3.23,75.16,11.57,0.411,0.260585446299732,5.532303486129874,0.7083881036104624,2,4.208015267175573
C-140,Grand-Boucan,Baradères,HT1032,0.0,0.6931471805599453,0.0,0.0,0.0,0.0,8.831419819090131,3.817492521581913,1.7833912195575383,19.8,5.96,52.91,4.23,74.06,83.3,15.68,100.0,48.85,0.504,0.8904309715120526,5.042487896130812,0.900535418118104,1,3.998247663551402
